,season,gameweek,teamID,position,form,won,draw,lost,points,goalsFor,goalsAgainst,goalDifference,games_remaining,won_league
0,2023,1,67,1,3.0,1,0,0,3,5,1,4,37,0
1,2023,1,397,2,3.0,1,0,0,3,4,1,3,37,0
2,2023,1,65,3,3.0,1,0,0,3,3,0,3,37,1
3,2023,1,57,4,3.0,1,0,0,3,2,1,1,37,0
4,2023,1,63,5,3.0,1,0,0,3,1,0,1,37,0
5,2023,1,354,6,3.0,1,0,0,3,1,0,1,37,0
6,2023,1,66,7,3.0,1,0,0,3,1,0,1,37,0
7,2023,1,402,8,1.0,0,1,0,1,2,2,0,37,0
8,2023,1,73,9,1.0,0,1,0,1,2,2,0,37,0
9,2023,1,1044,10,1.0,0,1,0,1,1,1,0,37,0
10,2023,1,563,11,1.0,0,1,0,1,1,1,0,37,0
11,2023,1,61,12,1.0,0,1,0,1,1,1,0,37,0
12,2023,1,64,13,1.0,0,1,0,1,1,1,0,37,0
13,2023,1,351,14,0.0,0,0,1,0,1,2,-1,37,0
14,2023,1,62,15,0.0,0,0,1,0,0,1,-1,37,0
15,2023,1,356,16,0.0,0,0,1,0,0,1,-1,37,0
16,2023,1,76,17,0.0,0,0,1,0,0,1,-1,37,0
17,2023,1,389,18,0.0,0,0,1,0,1,4,-3,37,0
18,2023,1,328,19,0.0,0,0,1,0,0,3,-3,37,0
19,2023,1,58,20,0.0,0,0,1,0,1,5,-4,37,0
20,2023,2,397,1,6.0,2,0,0,6,8,2,6,36,0
21,2023,2,65,2,6.0,2,0,0,6,4,0,4,36,1
22,2023,2,57,3,6.0,2,0,0,6,3,1,2,36,0
23,2023,2,402,4,4.0,1,1,0,4,5,2,3,36,0
24,2023,2,563,5,4.0,1,1,0,4,4,2,2,36,0
25,2023,2,73,6,4.0,1,1,0,4,4,2,2,36,0
26,2023,2,64,7,4.0,1,1,0,4,4,2,2,36,0
27,2023,2,67,8,3.0,1,0,1,3,5,2,3,36,0
28,2023,2,58,9,3.0,1,0,1,3,5,5,0,36,0
29,2023,2,351,10,3.0,1,0,1,3,3,3,0,36,0
30,2023,2,354,11,3.0,1,0,1,3,1,1,0,36,0
31,2023,2,66,12,3.0,1,0,1,3,1,2,-1,36,0
32,2023,2,328,13,3.0,1,0,1,3,2,4,-2,36,0
33,2023,2,63,14,3.0,1,0,1,3,1,3,-2,36,0
34,2023,2,1044,15,1.0,0,1,1,1,2,4,-2,36,0
35,2023,2,61,16,1.0,0,1,1,1,2,4,-2,36,0
36,2023,2,356,17,0.0,0,0,2,0,1,3,-2,36,0
37,2023,2,389,18,0.0,0,0,2,0,2,6,-4,36,0
38,2023,2,76,19,0.0,0,0,2,0,1,5,-4,36,0
39,2023,2,62,20,0.0,0,0,2,0,0,5,-5,36,0
40,2023,3,65,1,9.0,3,0,0,9,6,1,5,35,1
41,2023,3,563,2,7.0,2,1,0,7,7,3,4,35,0
42,2023,3,73,3,7.0,2,1,0,7,6,2,4,35,0
43,2023,3,64,4,7.0,2,1,0,7,6,3,3,35,0
44,2023,3,57,5,7.0,2,1,0,7,5,3,2,35,0
45,2023,3,397,6,6.0,2,0,1,6,9,5,4,35,0
46,2023,3,58,7,6.0,2,0,1,6,8,6,2,35,0
47,2023,3,66,8,6.0,2,0,1,6,4,4,0,35,0
48,2023,3,402,9,5.0,1,2,0,5,6,3,3,35,0
49,2023,3,61,10,4.0,1,1,1,4,5,4,1,35,0
50,2023,3,354,11,4.0,1,1,1,4,2,2,0,35,0
51,2023,3,63,12,4.0,1,1,1,4,3,5,-2,35,0
52,2023,3,67,13,3.0,1,0,2,3,6,4,2,35,0
53,2023,3,351,14,3.0,1,0,2,3,5,6,-1,35,0
54,2023,3,76,15,3.0,1,0,2,3,2,5,-3,35,0
55,2023,3,328,16,3.0,1,0,2,3,3,7,-4,35,0
56,2023,3,1044,17,1.0,0,1,2,1,2,6,-4,35,0
57,2023,3,356,18,0.0,0,0,3,0,2,5,-3,35,0
58,2023,3,62,19,0.0,0,0,3,0,0,6,-6,35,0
59,2023,3,389,20,0.0,0,0,3,0,2,9,-7,35,0
60,2023,4,65,1,12.0,4,0,0,12,11,2,9,34,1
61,2023,4,73,2,10.0,3,1,0,10,11,4,7,34,0
62,2023,4,64,3,10.0,3,1,0,10,9,3,6,34,0
63,2023,4,563,4,10.0,3,1,0,10,9,4,5,34,0
64,2023,4,57,5,10.0,3,1,0,10,8,4,4,34,0
65,2023,4,397,6,9.0,3,0,1,9,12,6,6,34,0
66,2023,4,354,7,7.0,2,1,1,7,5,4,1,34,0
67,2023,4,402,8,6.0,1,3,0,6,8,5,3,34,0
68,2023,4,351,9,6.0,2,0,2,6,6,6,0,34,0
69,2023,4,58,10,6.0,2,0,2,6,8,9,-1,34,0
70,2023,4,66,11,6.0,2,0,2,6,5,7,-2,34,0
71,2023,4,61,12,4.0,1,1,2,4,5,5,0,34,0
72,2023,4,63,13,4.0,1,1,2,4,4,10,-6,34,0
73,2023,4,67,14,3.0,1,0,3,3,7,7,0,34,0
74,2023,4,76,15,3.0,1,0,3,3,4,8,-4,34,0
75,2023,4,328,16,3.0,1,0,3,3,5,12,-7,34,0
76,2023,4,1044,17,2.0,0,2,2,2,4,8,-4,34,0
77,2023,4,356,18,1.0,0,1,3,1,4,7,-3,34,0
78,2023,4,62,19,1.0,0,1,3,1,2,8,-6,34,0
79,2023,4,389,20,0.0,0,0,4,0,3,11,-8,34,0
80,2023,5,65,1,15.0,5,0,0,15,14,3,11,33,1
81,2023,5,73,2,13.0,4,1,0,13,13,5,8,33,0
82,2023,5,64,3,13.0,4,1,0,13,12,4,8,33,0
83,2023,5,57,4,13.0,4,1,0,13,9,4,5,33,0
84,2023,5,397,5,12.0,4,0,1,12,15,7,8,33,0
85,2023,5,563,6,10.0,3,1,1,10,10,7,3,33,0
86,2023,5,58,7,9.0,3,0,2,9,11,10,1,33,0
87,2023,5,351,8,7.0,2,1,2,7,7,7,0,33,0
88,2023,5,354,9,7.0,2,1,2,7,6,7,-1,33,0
89,2023,5,63,10,7.0,2,1,2,7,5,10,-5,33,0
90,2023,5,402,11,6.0,1,3,1,6,8,6,2,33,0
91,2023,5,67,12,6.0,2,0,3,6,8,7,1,33,0
92,2023,5,66,13,6.0,2,0,3,6,6,10,-4,33,0
93,2023,5,61,14,5.0,1,2,2,5,5,5,0,33,0
94,2023,5,328,15,4.0,1,1,3,4,6,13,-7,33,0
95,2023,5,1044,16,3.0,0,3,2,3,4,8,-4,33,0
96,2023,5,76,17,3.0,1,0,4,3,5,11,-6,33,0
97,2023,5,356,18,1.0,0,1,4,1,5,9,-4,33,0
98,2023,5,62,19,1.0,0,1,4,1,2,9,-7,33,0
99,2023,5,389,20,0.0,0,0,5,0,3,12,-9,33,0
100,2023,6,65,1,15.0,6,0,0,18,16,3,13,32,1
101,2023,6,64,2,15.0,5,1,0,16,15,5,10,32,0
102,2023,6,397,3,12.0,5,0,1,15,18,8,10,32,0
103,2023,6,73,4,13.0,4,2,0,14,15,7,8,32,0
104,2023,6,57,5,11.0,4,2,0,14,11,6,5,32,0
105,2023,6,58,6,12.0,4,0,2,12,12,10,2,32,0
106,2023,6,563,7,9.0,3,1,2,10,11,10,1,32,0
107,2023,6,67,8,6.0,3,0,3,9,16,7,9,32,0
108,2023,6,66,9,6.0,3,0,3,9,7,10,-3,32,0
109,2023,6,354,10,5.0,2,2,2,8,6,7,-1,32,0
110,2023,6,63,11,5.0,2,2,2,8,5,10,-5,32,0
111,2023,6,351,12,7.0,2,1,3,7,7,9,-2,32,0
112,2023,6,402,13,5.0,1,3,2,6,9,9,0,32,0
113,2023,6,61,14,4.0,1,2,3,5,5,6,-1,32,0
114,2023,6,62,15,4.0,1,1,4,4,5,10,-5,32,0
115,2023,6,76,16,4.0,1,1,4,4,6,12,-6,32,0
116,2023,6,328,17,4.0,1,1,4,4,6,14,-8,32,0
117,2023,6,1044,18,2.0,0,3,3,3,5,11,-6,32,0
118,2023,6,389,19,1.0,0,1,5,1,4,13,-9,32,0
119,2023,6,356,20,1.0,0,1,5,1,5,17,-12,32,0
120,2023,7,65,1,12.0,6,0,1,18,17,5,12,31,1
121,2023,7,73,2,13.0,5,2,0,17,17,8,9,31,0
122,2023,7,57,3,11.0,5,2,0,17,15,6,9,31,0
123,2023,7,64,4,12.0,5,1,1,16,16,7,9,31,0
124,2023,7,58,5,12.0,5,0,2,15,18,11,7,31,0
125,2023,7,397,6,9.0,5,0,2,15,19,14,5,31,0
126,2023,7,563,7,9.0,4,1,2,13,13,10,3,31,0
127,2023,7,67,8,9.0,4,0,3,12,18,7,11,31,0
128,2023,7,354,9,8.0,3,2,2,11,7,7,0,31,0
129,2023,7,66,10,6.0,3,0,4,9,7,11,-4,31,0
130,2023,7,61,11,7.0,2,2,3,8,7,6,1,31,0
131,2023,7,351,12,5.0,2,2,3,8,8,10,-2,31,0
132,2023,7,63,13,5.0,2,2,3,8,5,12,-7,31,0
133,2023,7,402,14,3.0,1,4,2,7,10,10,0,31,0
134,2023,7,76,15,7.0,2,1,4,7,8,13,-5,31,0
135,2023,7,62,16,4.0,1,1,5,4,6,12,-6,31,0
136,2023,7,389,17,4.0,1,1,5,4,6,14,-8,31,0
137,2023,7,328,18,4.0,1,1,5,4,6,16,-10,31,0
138,2023,7,1044,19,2.0,0,3,4,3,5,15,-10,31,0
139,2023,7,356,20,1.0,0,1,6,1,5,19,-14,31,0
140,2023,8,73,1,13.0,6,2,0,20,18,8,10,30,0
141,2023,8,57,2,13.0,6,2,0,20,16,6,10,30,0
142,2023,8,65,3,9.0,6,0,2,18,17,6,11,30,1
143,2023,8,64,4,10.0,5,2,1,17,18,9,9,30,0
144,2023,8,58,5,10.0,5,1,2,16,19,12,7,30,0
145,2023,8,397,6,10.0,5,1,2,16,21,16,5,30,0
146,2023,8,563,7,7.0,4,2,2,14,15,12,3,30,0
147,2023,8,67,8,10.0,4,1,3,13,20,9,11,30,0
148,2023,8,354,9,8.0,3,3,2,12,7,7,0,30,0
149,2023,8,66,10,6.0,4,0,4,12,9,12,-3,30,0
150,2023,8,61,11,7.0,3,2,3,11,11,7,4,30,0
151,2023,8,63,12,7.0,3,2,3,11,8,13,-5,30,0
152,2023,8,351,13,6.0,2,3,3,9,8,10,-2,30,0
153,2023,8,76,14,5.0,2,2,4,8,9,14,-5,30,0
154,2023,8,402,15,2.0,1,4,3,7,11,12,-1,30,0
155,2023,8,62,16,7.0,2,1,5,7,9,12,-3,30,0
156,2023,8,389,17,4.0,1,1,6,4,6,15,-9,30,0
157,2023,8,328,18,4.0,1,1,6,4,7,20,-13,30,0
158,2023,8,1044,19,2.0,0,3,5,3,5,18,-13,30,0
159,2023,8,356,20,1.0,0,1,7,1,6,22,-16,30,0
160,2023,9,73,1,13.0,7,2,0,23,20,8,12,29,0
161,2023,9,65,2,9.0,7,0,2,21,19,7,12,29,1
162,2023,9,57,3,11.0,6,3,0,21,18,8,10,29,0
163,2023,9,64,4,10.0,6,2,1,20,20,9,11,29,0
164,2023,9,58,5,13.0,6,1,2,19,23,13,10,29,0
165,2023,9,67,6,13.0,5,1,3,16,24,9,15,29,0
166,2023,9,397,7,7.0,5,1,3,16,22,18,4,29,0
167,2023,9,66,8,9.0,5,0,4,15,11,13,-2,29,0
168,2023,9,563,9,4.0,4,2,3,14,16,16,0,29,0
169,2023,9,61,10,8.0,3,3,3,12,13,9,4,29,0
170,2023,9,354,11,5.0,3,3,3,12,7,11,-4,29,0
171,2023,9,76,12,8.0,3,2,4,11,11,15,-4,29,0
172,2023,9,63,13,7.0,3,2,4,11,8,15,-7,29,0
173,2023,9,402,14,4.0,2,4,3,10,14,12,2,29,0
174,2023,9,351,15,4.0,2,4,3,10,10,12,-2,29,0
175,2023,9,62,16,6.0,2,1,6,7,9,14,-5,29,0
176,2023,9,389,17,5.0,1,2,6,5,8,17,-9,29,0
177,2023,9,328,18,3.0,1,1,7,4,7,23,-16,29,0
178,2023,9,1044,19,1.0,0,3,6,3,6,20,-14,29,0
179,2023,9,356,20,0.0,0,1,8,1,7,24,-17,29,0
180,2023,10,73,1,13.0,8,2,0,26,22,9,13,28,0
181,2023,10,57,2,11.0,7,3,0,24,23,8,15,28,0
182,2023,10,65,3,9.0,8,0,2,24,22,7,15,28,1
183,2023,10,64,4,10.0,7,2,1,23,23,9,14,28,0
184,2023,10,58,5,13.0,7,1,2,22,26,14,12,28,0
185,2023,10,67,6,11.0,5,2,3,17,26,11,15,28,0
186,2023,10,397,7,5.0,5,2,3,17,23,19,4,28,0
187,2023,10,66,8,9.0,5,0,5,15,11,16,-5,28,0
188,2023,10,563,9,4.0,4,2,4,14,16,17,-1,28,0
189,2023,10,402,10,7.0,3,4,3,13,16,12,4,28,0
190,2023,10,61,11,7.0,3,3,4,12,13,11,2,28,0
191,2023,10,76,12,9.0,3,3,4,12,13,17,-4,28,0
192,2023,10,354,13,5.0,3,3,4,12,8,13,-5,28,0
193,2023,10,63,14,5.0,3,3,4,12,9,16,-7,28,0
194,2023,10,62,15,9.0,3,1,6,10,10,14,-4,28,0
195,2023,10,351,16,3.0,2,4,4,10,10,15,-5,28,0
196,2023,10,1044,17,3.0,1,3,6,6,8,21,-13,28,0
197,2023,10,389,18,4.0,1,2,7,5,9,20,-11,28,0
198,2023,10,328,19,3.0,1,1,8,4,8,25,-17,28,0
199,2023,10,356,20,0.0,0,1,9,1,7,29,-22,28,0
200,2023,11,65,1,9.0,9,0,2,27,28,8,20,27,1
201,2023,11,73,2,12.0,8,2,1,26,23,13,10,27,0
202,2023,11,64,3,8.0,7,3,1,24,24,10,14,27,0
203,2023,11,57,4,10.0,7,3,1,24,23,9,14,27,0
204,2023,11,58,5,10.0,7,1,3,22,26,16,10,27,0
205,2023,11,67,6,11.0,6,2,3,20,27,11,16,27,0
206,2023,11,397,7,3.0,5,3,3,18,24,20,4,27,0
207,2023,11,66,8,9.0,6,0,5,18,12,16,-4,27,0
208,2023,11,402,9,10.0,4,4,3,16,19,14,5,27,0
209,2023,11,61,10,10.0,4,3,4,15,17,12,5,27,0
210,2023,11,354,11,7.0,4,3,4,15,10,13,-3,27,0
211,2023,11,563,12,4.0,4,2,5,14,18,20,-2,27,0
212,2023,11,351,13,6.0,3,4,4,13,12,15,-3,27,0
213,2023,11,76,14,8.0,3,3,5,12,14,19,-5,27,0
214,2023,11,63,15,4.0,3,3,5,12,9,17,-8,27,0
215,2023,11,62,16,7.0,3,2,6,11,11,15,-4,27,0
216,2023,11,389,17,2.0,1,3,7,6,10,21,-11,27,0
217,2023,11,1044,18,3.0,1,3,7,6,9,27,-18,27,0
218,2023,11,328,19,3.0,1,1,9,4,8,27,-19,27,0
219,2023,11,356,20,3.0,1,1,9,4,9,30,-21,27,0
220,2023,12,65,1,10.0,9,1,2,28,32,12,20,26,1
221,2023,12,64,2,11.0,8,3,1,27,27,10,17,26,0
222,2023,12,57,3,10.0,8,3,1,27,26,10,16,26,0
223,2023,12,73,4,9.0,8,2,2,26,24,15,9,26,0
224,2023,12,58,5,10.0,8,1,3,25,29,17,12,26,0
225,2023,12,66,6,12.0,7,0,5,21,13,16,-3,26,0
226,2023,12,67,7,8.0,6,2,4,20,27,13,14,26,0
227,2023,12,397,8,4.0,5,4,3,19,25,21,4,26,0
228,2023,12,563,9,4.0,5,2,5,17,21,22,-1,26,0
229,2023,12,61,10,8.0,4,4,4,16,21,16,5,26,0
230,2023,12,402,11,9.0,4,4,4,16,19,17,2,26,0
231,2023,12,76,12,8.0,4,3,5,15,16,20,-4,26,0
232,2023,12,354,13,4.0,4,3,5,15,12,16,-4,26,0
233,2023,12,62,14,10.0,4,2,6,14,14,17,-3,26,0
234,2023,12,351,15,5.0,3,4,5,13,14,18,-4,26,0
235,2023,12,63,16,4.0,3,3,6,12,10,20,-10,26,0
236,2023,12,1044,17,6.0,2,3,7,9,11,27,-16,26,0
237,2023,12,389,18,2.0,1,3,8,6,10,22,-12,26,0
238,2023,12,356,19,4.0,1,2,9,5,10,31,-21,26,0
239,2023,12,328,20,0.0,1,1,10,4,9,30,-21,26,0
240,2023,13,57,1,10.0,9,3,1,30,27,10,17,25,0
241,2023,13,65,2,11.0,9,2,2,29,33,13,20,25,1
242,2023,13,64,3,11.0,8,4,1,28,28,11,17,25,0
243,2023,13,58,4,12.0,9,1,3,28,31,18,13,25,0
244,2023,13,73,5,6.0,8,2,3,26,25,17,8,25,0
245,2023,13,66,6,12.0,8,0,5,24,16,16,0,25,0
246,2023,13,67,7,10.0,7,2,4,23,31,14,17,25,0
247,2023,13,397,8,6.0,6,4,3,22,28,23,5,25,0
248,2023,13,563,9,6.0,6,2,5,20,23,23,0,25,0
249,2023,13,61,10,5.0,4,4,5,16,22,20,2,25,0
250,2023,13,402,11,9.0,4,4,5,16,19,18,1,25,0
251,2023,13,76,12,7.0,4,3,6,15,18,23,-5,25,0
252,2023,13,354,13,3.0,4,3,6,15,13,18,-5,25,0
253,2023,13,63,14,4.0,4,3,6,15,13,22,-9,25,0
254,2023,13,62,15,7.0,4,2,7,14,14,20,-6,25,0
255,2023,13,351,16,4.0,3,4,6,13,16,21,-5,25,0
256,2023,13,1044,17,9.0,3,3,7,12,14,28,-14,25,0
257,2023,13,389,18,5.0,2,3,8,9,12,23,-11,25,0
258,2023,13,356,19,4.0,1,2,10,5,11,34,-23,25,0
259,2023,13,328,20,0.0,1,1,11,4,10,32,-22,25,0
260,2023,14,57,1,12.0,10,3,1,33,29,11,18,24,0
261,2023,14,64,2,11.0,9,4,1,31,32,14,18,24,0
262,2023,14,65,3,9.0,9,3,2,30,36,16,20,24,1
263,2023,14,58,4,10.0,9,2,3,29,33,20,13,24,0
264,2023,14,73,5,4.0,8,3,3,27,28,20,8,24,0
265,2023,14,67,6,10.0,8,2,4,26,32,14,18,24,0
266,2023,14,66,7,9.0,8,0,6,24,16,17,-1,24,0
267,2023,14,397,8,6.0,6,4,4,22,30,26,4,24,0
268,2023,14,563,9,7.0,6,3,5,21,24,24,0,24,0
269,2023,14,61,10,7.0,5,4,5,19,25,22,3,24,0
270,2023,14,402,11,9.0,5,4,5,19,22,19,3,24,0
271,2023,14,62,12,10.0,5,2,7,17,15,20,-5,24,0
272,2023,14,354,13,4.0,4,4,6,16,14,19,-5,24,0
273,2023,14,76,14,4.0,4,3,7,15,19,25,-6,24,0
274,2023,14,63,15,4.0,4,3,7,15,16,26,-10,24,0
275,2023,14,351,16,3.0,3,4,7,13,16,22,-6,24,0
276,2023,14,1044,17,10.0,3,4,7,13,16,30,-14,24,0
277,2023,14,389,18,4.0,2,3,9,9,13,26,-13,24,0
278,2023,14,328,19,3.0,2,1,11,7,15,32,-17,24,0
279,2023,14,356,20,4.0,1,2,11,5,11,39,-28,24,0
280,2023,15,57,1,12.0,11,3,1,36,33,14,19,23,0
281,2023,15,64,2,11.0,10,4,1,34,34,14,20,23,0
282,2023,15,58,3,10.0,10,2,3,32,34,20,14,23,0
283,2023,15,65,4,6.0,9,3,3,30,36,17,19,23,1
284,2023,15,73,5,1.0,8,3,4,27,29,22,7,23,0
285,2023,15,66,6,12.0,9,0,6,27,18,18,0,23,0
286,2023,15,67,7,9.0,8,2,5,26,32,17,15,23,0
287,2023,15,397,8,8.0,7,4,4,25,32,27,5,23,0
288,2023,15,563,9,10.0,7,3,5,24,26,25,1,23,0
289,2023,15,62,10,10.0,6,2,7,20,18,20,-2,23,0
290,2023,15,61,11,7.0,5,4,6,19,26,24,2,23,0
291,2023,15,402,12,6.0,5,4,6,19,23,21,2,23,0
292,2023,15,63,13,6.0,5,3,7,18,21,26,-5,23,0
293,2023,15,76,14,6.0,5,3,7,18,20,25,-5,23,0
294,2023,15,354,15,4.0,4,4,7,16,14,21,-7,23,0
295,2023,15,1044,16,10.0,4,4,7,16,18,30,-12,23,0
296,2023,15,351,17,3.0,3,4,8,13,16,27,-11,23,0
297,2023,15,389,18,4.0,2,3,10,9,16,30,-14,23,0
298,2023,15,328,19,3.0,2,1,12,7,15,33,-18,23,0
299,2023,15,356,20,4.0,1,2,12,5,11,41,-30,23,0
300,2023,16,64,1,13.0,11,4,1,37,36,15,21,22,0
301,2023,16,57,2,12.0,11,3,2,36,33,15,18,22,0
302,2023,16,58,3,13.0,11,2,3,35,35,20,15,22,0
303,2023,16,65,4,6.0,10,3,3,33,38,18,20,22,1
304,2023,16,73,5,4.0,9,3,4,30,33,23,10,22,0
305,2023,16,66,6,9.0,9,0,7,27,18,21,-3,22,0
306,2023,16,67,7,6.0,8,2,6,26,33,21,12,22,0
307,2023,16,397,8,8.0,7,5,4,26,33,28,5,22,0
308,2023,16,563,9,10.0,7,3,6,24,26,30,-4,22,0
309,2023,16,62,10,12.0,7,2,7,23,20,20,0,22,0
310,2023,16,63,11,9.0,6,3,7,21,26,26,0,22,0
311,2023,16,402,12,3.0,5,4,7,19,23,22,1,22,0
312,2023,16,61,13,4.0,5,4,7,19,26,26,0,22,0
313,2023,16,76,14,7.0,5,4,7,19,21,26,-5,22,0
314,2023,16,1044,15,13.0,5,4,7,19,21,30,-9,22,0
315,2023,16,354,16,1.0,4,4,8,16,15,23,-8,22,0
316,2023,16,351,17,1.0,3,5,8,14,17,28,-11,22,0
317,2023,16,389,18,3.0,2,3,11,9,17,32,-15,22,0
318,2023,16,328,19,4.0,2,2,12,8,16,34,-18,22,0
319,2023,16,356,20,4.0,2,2,12,8,12,41,-29,22,0
320,2023,17,57,1,12.0,12,3,2,39,35,15,20,21,0
321,2023,17,64,2,11.0,11,5,1,38,36,15,21,21,0
322,2023,17,58,3,13.0,12,2,3,38,37,21,16,21,0
323,2023,17,65,4,6.0,10,4,3,34,40,20,20,21,1
324,2023,17,73,5,7.0,10,3,4,33,35,23,12,21,0
325,2023,17,67,6,9.0,9,2,6,29,36,21,15,21,0
326,2023,17,66,7,7.0,9,1,7,28,18,21,-3,21,0
327,2023,17,563,8,10.0,8,3,6,27,29,30,-1,21,0
328,2023,17,397,9,7.0,7,5,5,26,33,30,3,21,0
329,2023,17,62,10,12.0,8,2,7,26,22,20,2,21,0
330,2023,17,61,11,6.0,6,4,7,22,28,26,2,21,0
331,2023,17,1044,12,13.0,6,4,7,22,25,33,-8,21,0
332,2023,17,63,13,9.0,6,3,8,21,26,29,-3,21,0
333,2023,17,402,14,3.0,5,4,8,19,24,24,0,21,0
334,2023,17,76,15,4.0,5,4,8,19,21,29,-8,21,0
335,2023,17,354,16,2.0,4,5,8,17,17,25,-8,21,0
336,2023,17,351,17,1.0,3,5,9,14,17,30,-13,21,0
337,2023,17,389,18,3.0,2,3,12,9,20,36,-16,21,0
338,2023,17,328,19,4.0,2,2,13,8,16,36,-20,21,0
339,2023,17,356,20,3.0,2,2,13,8,12,43,-31,21,0
340,2023,18,57,1,10.0,12,4,2,40,36,16,20,20,0
341,2023,18,64,2,11.0,11,6,1,39,37,16,21,20,0
342,2023,18,58,3,11.0,12,3,3,39,38,22,16,20,0
343,2023,18,65,4,8.0,11,4,3,37,41,20,21,20,1
344,2023,18,73,5,10.0,11,3,4,36,37,24,13,20,0
345,2023,18,563,6,10.0,9,3,6,30,31,30,1,20,0
346,2023,18,67,7,6.0,9,2,7,29,36,22,14,20,0
347,2023,18,66,8,4.0,9,1,8,28,18,23,-5,20,0
348,2023,18,397,9,5.0,7,6,5,27,34,31,3,20,0
349,2023,18,62,10,12.0,8,2,8,26,23,22,1,20,0
350,2023,18,1044,11,13.0,7,4,7,25,28,35,-7,20,0
351,2023,18,61,12,6.0,6,4,8,22,29,28,1,20,0
352,2023,18,76,13,7.0,6,4,8,22,23,30,-7,20,0
353,2023,18,63,14,6.0,6,3,9,21,26,31,-5,20,0
354,2023,18,402,15,3.0,5,4,9,19,24,25,-1,20,0
355,2023,18,354,16,3.0,4,6,8,18,18,26,-8,20,0
356,2023,18,351,17,1.0,3,5,10,14,19,33,-14,20,0
357,2023,18,389,18,3.0,3,3,12,12,21,36,-15,20,0
358,2023,18,328,19,7.0,3,2,13,11,18,36,-18,20,0
359,2023,18,356,20,4.0,2,3,13,9,13,44,-31,20,0
360,2023,19,64,1,11.0,12,6,1,42,39,16,23,19,0
361,2023,19,65,2,10.0,12,4,3,40,44,21,23,19,1
362,2023,19,57,3,7.0,12,4,3,40,36,18,18,19,0
363,2023,19,58,4,10.0,12,3,4,39,40,25,15,19,0
364,2023,19,73,5,9.0,11,3,5,36,39,28,11,19,0
365,2023,19,563,6,12.0,10,3,6,33,33,30,3,19,0
366,2023,19,66,7,7.0,10,1,8,31,21,25,-4,19,0
367,2023,19,397,8,8.0,8,6,5,30,38,33,5,19,0
368,2023,19,67,9,3.0,9,2,8,29,37,25,12,19,0
369,2023,19,1044,10,15.0,8,4,7,28,31,35,-4,19,0
370,2023,19,62,11,9.0,8,2,9,26,24,25,-1,19,0
371,2023,19,61,12,6.0,7,4,8,25,31,29,2,19,0
372,2023,19,76,13,10.0,7,4,8,25,27,31,-4,19,0
373,2023,19,63,14,6.0,6,3,10,21,26,34,-8,19,0
374,2023,19,402,15,0.0,5,4,10,19,25,29,-4,19,0
375,2023,19,354,16,2.0,4,6,9,18,19,28,-9,19,0
376,2023,19,351,17,4.0,4,5,10,17,22,34,-12,19,0
377,2023,19,389,18,6.0,4,3,12,15,24,38,-14,19,0
378,2023,19,328,19,4.0,3,2,14,11,18,38,-20,19,0
379,2023,19,356,20,4.0,2,3,14,9,15,47,-32,19,0
380,2023,20,64,1,11.0,13,6,1,45,43,18,25,18,0
381,2023,20,65,2,13.0,13,4,3,43,46,21,25,18,1
382,2023,20,58,3,10.0,13,3,4,42,43,27,16,18,0
383,2023,20,57,4,4.0,12,4,4,40,37,20,17,18,0
384,2023,20,73,5,12.0,12,3,5,39,42,29,13,18,0
385,2023,20,563,6,10.0,10,4,6,34,33,30,3,18,0
386,2023,20,397,7,6.0,8,7,5,31,38,33,5,18,0
387,2023,20,66,8,4.0,10,1,9,31,22,27,-5,18,0
388,2023,20,67,9,3.0,9,2,9,29,39,29,10,18,0
389,2023,20,61,10,9.0,8,4,8,28,34,31,3,18,0
390,2023,20,76,11,10.0,8,4,8,28,30,31,-1,18,0
391,2023,20,1044,12,12.0,8,4,8,28,32,38,-6,18,0
392,2023,20,62,13,6.0,8,2,10,26,24,28,-4,18,0
393,2023,20,63,14,6.0,7,3,10,24,28,35,-7,18,0
394,2023,20,354,15,5.0,5,6,9,21,22,29,-7,18,0
395,2023,20,351,16,7.0,5,5,10,20,24,35,-11,18,0
396,2023,20,402,17,0.0,5,4,11,19,26,32,-6,18,0
397,2023,20,389,18,6.0,4,3,13,15,26,41,-15,18,0
398,2023,20,328,19,4.0,3,2,15,11,20,41,-21,18,0
399,2023,20,356,20,4.0,2,3,15,9,15,49,-34,18,0
400,2023,21,64,1,11.0,14,6,1,48,47,18,29,17,0
401,2023,21,65,2,13.0,14,4,3,46,49,23,26,17,1
402,2023,21,57,3,7.0,13,4,4,43,42,20,22,17,0
403,2023,21,58,4,8.0,13,4,4,43,43,27,16,17,0
404,2023,21,73,5,10.0,12,4,5,40,44,31,13,17,0
405,2023,21,563,6,11.0,10,5,6,35,35,32,3,17,0
406,2023,21,397,7,6.0,8,8,5,32,38,33,5,17,0
407,2023,21,66,8,5.0,10,2,9,32,24,29,-5,17,0
408,2023,21,61,9,12.0,9,4,8,31,35,31,4,17,0
409,2023,21,67,10,3.0,9,2,10,29,41,32,9,17,0
410,2023,21,76,11,10.0,8,5,8,29,30,31,-1,17,0
411,2023,21,1044,12,9.0,8,4,9,28,32,42,-10,17,0
412,2023,21,62,13,4.0,8,3,10,27,24,28,-4,17,0
413,2023,21,63,14,3.0,7,3,11,24,28,36,-8,17,0
414,2023,21,402,15,3.0,6,4,11,22,29,34,-5,17,0
415,2023,21,354,16,5.0,5,6,10,21,22,34,-12,17,0
416,2023,21,351,17,6.0,5,5,11,20,26,38,-12,17,0
417,2023,21,389,18,7.0,4,4,13,16,27,42,-15,17,0
418,2023,21,328,19,4.0,3,3,15,12,21,42,-21,17,0
419,2023,21,356,20,2.0,2,4,15,10,17,51,-34,17,0
420,2023,22,64,1,13.0,15,6,1,51,51,19,32,16,0
421,2023,22,65,2,15.0,15,4,3,49,52,24,28,16,1
422,2023,22,57,3,7.0,14,4,4,46,44,21,23,16,0
423,2023,22,73,4,10.0,13,4,5,43,47,33,14,16,0
424,2023,22,58,5,5.0,13,4,5,43,44,30,14,16,0
425,2023,22,563,6,9.0,10,6,6,36,36,33,3,16,0
426,2023,22,66,7,7.0,11,2,9,35,28,32,-4,16,0
427,2023,22,67,8,3.0,10,2,10,32,44,33,11,16,0
428,2023,22,397,9,6.0,8,8,6,32,38,37,1,16,0
429,2023,22,61,10,9.0,9,4,9,31,36,35,1,16,0
430,2023,22,76,11,10.0,8,5,9,29,33,35,-2,16,0
431,2023,22,1044,12,7.0,8,5,9,29,33,43,-10,16,0
432,2023,22,62,13,2.0,8,4,10,28,24,28,-4,16,0
433,2023,22,63,14,4.0,7,4,11,25,28,36,-8,16,0
434,2023,22,354,15,7.0,6,6,10,24,25,36,-11,16,0
435,2023,22,402,16,3.0,6,4,12,22,31,37,-6,16,0
436,2023,22,351,17,6.0,5,5,12,20,27,40,-13,16,0
437,2023,22,389,18,7.0,5,4,13,19,31,42,-11,16,0
438,2023,22,328,19,4.0,3,3,16,12,22,45,-23,16,0
439,2023,22,356,20,2.0,2,4,16,10,19,54,-35,16,0
440,2023,23,65,1,15.0,16,4,3,52,55,25,30,15,1
441,2023,23,64,2,12.0,15,6,2,51,52,22,30,15,0
442,2023,23,57,3,9.0,15,4,4,49,47,22,25,15,0
443,2023,23,58,4,7.0,14,4,5,46,49,30,19,15,0
444,2023,23,73,5,8.0,13,5,5,44,49,35,14,15,0
445,2023,23,66,6,10.0,12,2,9,38,31,32,-1,15,0
446,2023,23,563,7,6.0,10,6,7,36,36,36,0,15,0
447,2023,23,397,8,8.0,9,8,6,35,42,38,4,15,0
448,2023,23,67,9,4.0,10,3,10,33,48,37,11,15,0
449,2023,23,76,10,10.0,9,5,9,32,37,37,0,15,0
450,2023,23,61,11,9.0,9,4,10,31,38,39,-1,15,0
451,2023,23,1044,12,5.0,8,6,9,30,34,44,-10,15,0
452,2023,23,62,13,3.0,8,5,10,29,26,30,-4,15,0
453,2023,23,63,14,5.0,7,5,11,26,30,38,-8,15,0
454,2023,23,354,15,6.0,6,6,11,24,26,40,-14,15,0
455,2023,23,402,16,3.0,6,4,13,22,32,40,-8,15,0
456,2023,23,351,17,7.0,5,6,12,21,28,41,-13,15,0
457,2023,23,389,18,5.0,5,5,13,20,35,46,-11,15,0
458,2023,23,328,19,2.0,3,4,16,13,24,47,-23,15,0
459,2023,23,356,20,1.0,2,4,17,10,19,59,-40,15,0
460,2023,24,65,1,15.0,17,4,3,55,57,25,32,14,1
461,2023,24,64,2,12.0,16,6,2,54,55,23,32,14,0
462,2023,24,57,3,12.0,16,4,4,52,53,22,31,14,0
463,2023,24,73,4,11.0,14,5,5,47,51,36,15,14,0
464,2023,24,58,5,7.0,14,4,6,46,50,32,18,14,0
465,2023,24,66,6,10.0,13,2,9,41,33,33,0,14,0
466,2023,24,67,7,7.0,11,3,10,36,51,39,12,14,0
467,2023,24,563,8,3.0,10,6,8,36,36,42,-6,14,0
468,2023,24,397,9,5.0,9,8,7,35,43,40,3,14,0
469,2023,24,61,10,9.0,10,4,10,34,41,40,1,14,0
470,2023,24,76,11,7.0,9,5,10,32,37,39,-2,14,0
471,2023,24,1044,12,5.0,8,6,10,30,35,47,-12,14,0
472,2023,24,63,13,8.0,8,5,11,29,33,39,-6,14,0
473,2023,24,62,14,3.0,8,5,11,29,26,32,-6,14,0
474,2023,24,402,15,6.0,7,4,13,25,34,40,-6,14,0
475,2023,24,354,16,6.0,6,6,12,24,27,43,-16,14,0
476,2023,24,351,17,4.0,5,6,13,21,30,44,-14,14,0
477,2023,24,389,18,5.0,5,5,14,20,36,49,-13,14,0
478,2023,24,328,19,2.0,3,4,17,13,25,50,-25,14,0
479,2023,24,356,20,4.0,3,4,17,13,22,60,-38,14,0
480,2023,25,64,1,12.0,17,6,2,57,59,24,35,13,0
481,2023,25,65,2,13.0,17,5,3,56,58,26,32,13,1
482,2023,25,57,3,15.0,17,4,4,55,58,22,36,13,0
483,2023,25,58,4,7.0,15,4,6,49,52,33,19,13,0
484,2023,25,73,5,8.0,14,5,6,47,52,38,14,13,0
485,2023,25,66,6,13.0,14,2,9,44,35,34,1,13,0
486,2023,25,397,7,7.0,10,8,7,38,48,40,8,13,0
487,2023,25,67,8,8.0,11,4,10,37,53,41,12,13,0
488,2023,25,563,9,2.0,10,6,9,36,36,44,-8,13,0
489,2023,25,61,10,7.0,10,5,10,35,42,41,1,13,0
490,2023,25,76,11,7.0,10,5,10,35,39,40,-1,13,0
491,2023,25,1044,12,6.0,8,7,10,31,37,49,-12,13,0
492,2023,25,62,13,4.0,8,6,11,30,27,33,-6,13,0
493,2023,25,63,14,5.0,8,5,12,29,34,41,-7,13,0
494,2023,25,402,15,3.0,7,4,14,25,35,44,-9,13,0
495,2023,25,354,16,4.0,6,7,12,25,28,44,-16,13,0
496,2023,25,351,17,4.0,6,6,13,24,32,44,-12,13,0
497,2023,25,389,18,4.0,5,5,15,20,37,51,-14,13,0
498,2023,25,328,19,2.0,3,4,18,13,25,55,-30,13,0
499,2023,25,356,20,4.0,3,4,18,13,22,65,-43,13,0
500,2023,26,64,1,12.0,18,6,2,60,63,25,38,12,0
501,2023,26,65,2,13.0,18,5,3,59,59,26,33,12,1
502,2023,26,57,3,15.0,18,4,4,58,62,23,39,12,0
503,2023,26,58,4,9.0,16,4,6,52,56,35,21,12,0
504,2023,26,73,5,7.0,14,5,7,47,52,40,12,12,0
505,2023,26,66,6,12.0,14,2,10,44,36,36,0,12,0
506,2023,26,397,7,7.0,10,9,7,39,49,41,8,12,0
507,2023,26,563,8,4.0,11,6,9,39,40,46,-6,12,0
508,2023,26,61,9,7.0,11,5,10,38,44,41,3,12,0
509,2023,26,76,10,9.0,11,5,10,38,40,40,0,12,0
510,2023,26,67,11,8.0,11,4,11,37,54,45,9,12,0
511,2023,26,63,12,8.0,9,5,12,32,36,42,-6,12,0
512,2023,26,62,13,4.0,8,7,11,31,28,34,-6,12,0
513,2023,26,1044,14,5.0,8,7,11,31,37,50,-13,12,0
514,2023,26,354,15,7.0,7,7,12,28,31,44,-13,12,0
515,2023,26,402,16,3.0,7,4,15,25,37,48,-11,12,0
516,2023,26,351,17,4.0,6,6,14,24,34,48,-14,12,0
517,2023,26,389,18,1.0,5,5,16,20,38,55,-17,12,0
518,2023,26,328,19,1.0,3,4,19,13,25,58,-33,12,0
519,2023,26,356,20,3.0,3,4,19,13,22,66,-44,12,0
520,2023,27,64,1,12.0,19,6,2,63,64,25,39,11,0
521,2023,27,65,2,13.0,19,5,3,62,62,27,35,11,1
522,2023,27,57,3,15.0,19,4,4,61,68,23,45,11,0
523,2023,27,58,4,12.0,17,4,6,55,59,37,22,11,0
524,2023,27,73,5,7.0,15,5,7,50,55,41,14,11,0
525,2023,27,66,6,9.0,14,2,11,44,37,39,-2,11,0
526,2023,27,563,7,6.0,12,6,9,42,43,47,-4,11,0
527,2023,27,67,8,8.0,12,4,11,40,57,45,12,11,0
528,2023,27,397,9,7.0,10,9,8,39,49,44,5,11,0
529,2023,27,61,10,8.0,11,6,10,39,46,43,3,11,0
530,2023,27,76,11,9.0,11,5,11,38,40,43,-3,11,0
531,2023,27,63,12,10.0,10,5,12,35,39,42,-3,11,0
532,2023,27,1044,13,7.0,9,7,11,34,39,50,-11,11,0
533,2023,27,62,14,3.0,8,7,12,31,29,37,-8,11,0
534,2023,27,354,15,4.0,7,7,13,28,32,47,-15,11,0
535,2023,27,402,16,4.0,7,5,15,26,39,50,-11,11,0
536,2023,27,351,17,4.0,6,6,15,24,34,49,-15,11,0
537,2023,27,389,18,0.0,5,5,17,20,40,58,-18,11,0
538,2023,27,328,19,1.0,3,4,20,13,25,60,-35,11,0
539,2023,27,356,20,3.0,3,4,20,13,22,72,-50,11,0
540,2023,28,57,1,15.0,20,4,4,64,70,24,46,10,0
541,2023,28,64,2,13.0,19,7,2,64,65,26,39,10,0
542,2023,28,65,3,11.0,19,6,3,63,63,28,35,10,1
543,2023,28,58,4,9.0,17,4,7,55,59,41,18,10,0
544,2023,28,73,5,9.0,16,5,7,53,59,41,18,10,0
545,2023,28,66,6,9.0,15,2,11,47,39,39,0,10,0
546,2023,28,563,7,7.0,12,7,9,43,45,49,-4,10,0
547,2023,28,397,8,7.0,11,9,8,42,50,44,6,10,0
548,2023,28,61,9,11.0,12,6,10,42,49,45,4,10,0
549,2023,28,76,10,9.0,12,5,11,41,42,44,-2,10,0
550,2023,28,67,11,7.0,12,4,12,40,59,48,11,10,0
551,2023,28,63,12,9.0,10,5,13,35,40,44,-4,10,0
552,2023,28,1044,13,8.0,9,8,11,35,41,52,-11,10,0
553,2023,28,62,14,2.0,8,7,13,31,29,39,-10,10,0
554,2023,28,354,15,5.0,7,8,13,29,33,48,-15,10,0
555,2023,28,402,16,1.0,7,5,16,26,40,52,-12,10,0
556,2023,28,351,17,3.0,6,6,16,24,34,50,-16,10,0
557,2023,28,389,18,1.0,5,6,17,21,41,59,-18,10,0
558,2023,28,328,19,1.0,3,5,20,14,27,62,-35,10,0
559,2023,28,356,20,4.0,3,5,20,14,24,74,-50,10,0
560,2023,29,57,1,15.0,21,4,4,67,75,24,51,9,0
561,2023,29,65,2,13.0,20,6,3,66,67,28,39,9,1
562,2023,29,64,3,10.0,19,7,3,64,65,28,37,9,0
563,2023,29,58,4,10.0,17,5,7,56,60,42,18,9,0
564,2023,29,73,5,6.0,16,5,8,53,59,44,15,9,0
565,2023,29,66,6,9.0,16,2,11,50,43,41,2,9,0
566,2023,29,563,7,8.0,12,8,9,44,46,50,-4,9,0
567,2023,29,397,8,7.0,11,9,9,42,50,48,2,9,0
568,2023,29,61,9,8.0,12,6,11,42,49,50,-1,9,0
569,2023,29,76,10,9.0,12,5,12,41,42,45,-3,9,0
570,2023,29,67,11,4.0,12,4,13,40,59,50,9,9,0
571,2023,29,63,12,9.0,11,5,13,38,43,44,-1,9,0
572,2023,29,1044,13,10.0,10,8,11,38,42,52,-10,9,0
573,2023,29,62,14,5.0,9,7,13,34,31,39,-8,9,0
574,2023,29,354,15,8.0,8,8,13,32,35,48,-13,9,0
575,2023,29,402,16,1.0,7,5,17,26,41,54,-13,9,0
576,2023,29,351,17,4.0,6,7,16,25,35,51,-16,9,0
577,2023,29,389,18,2.0,5,7,17,22,42,60,-18,9,0
578,2023,29,328,19,4.0,4,5,20,17,29,63,-34,9,0
579,2023,29,356,20,1.0,3,5,21,14,26,78,-52,9,0
580,2023,30,57,1,13.0,21,5,4,68,75,24,51,8,0
581,2023,30,65,2,11.0,20,7,3,67,67,28,39,8,1
582,2023,30,64,3,10.0,20,7,3,67,67,29,38,8,0
583,2023,30,58,4,10.0,18,5,7,59,62,42,20,8,0
584,2023,30,73,5,9.0,17,5,8,56,61,45,16,8,0
585,2023,30,66,6,7.0,16,3,11,51,44,42,2,8,0
586,2023,30,563,7,8.0,12,8,10,44,49,54,-5,8,0
587,2023,30,67,8,6.0,13,4,13,43,63,53,10,8,0
588,2023,30,61,9,8.0,12,7,11,43,51,52,-1,8,0
589,2023,30,397,10,4.0,11,9,10,42,51,50,1,8,0
590,2023,30,76,11,6.0,12,5,13,41,42,47,-5,8,0
591,2023,30,1044,12,13.0,11,8,11,41,44,53,-9,8,0
592,2023,30,63,13,10.0,11,6,13,39,46,47,-1,8,0
593,2023,30,62,14,4.0,9,7,14,34,32,41,-9,8,0
594,2023,30,354,15,8.0,8,9,13,33,36,49,-13,8,0
595,2023,30,402,16,2.0,7,6,17,27,42,55,-13,8,0
596,2023,30,351,17,2.0,6,8,16,26,36,52,-16,8,0
597,2023,30,389,18,2.0,5,7,18,22,43,62,-19,8,0
598,2023,30,328,19,5.0,4,6,20,18,31,65,-34,8,0
599,2023,30,356,20,2.0,3,6,21,15,29,81,-52,8,0
600,2023,31,57,1,13.0,22,5,4,71,77,24,53,7,0
601,2023,31,65,2,11.0,21,7,3,70,71,29,42,7,1
602,2023,31,64,3,10.0,21,7,3,70,70,30,40,7,0
603,2023,31,58,4,7.0,18,5,8,59,63,46,17,7,0
604,2023,31,73,5,7.0,17,6,8,57,62,46,16,7,0
605,2023,31,66,6,7.0,16,3,12,51,47,46,1,7,0
606,2023,31,61,7,10.0,13,7,11,46,55,55,0,7,0
607,2023,31,563,8,6.0,12,9,10,45,50,55,-5,7,0
608,2023,31,67,9,7.0,13,5,13,44,64,54,10,7,0
609,2023,31,1044,10,13.0,12,8,11,44,45,53,-8,7,0
610,2023,31,397,11,4.0,11,10,10,43,51,50,1,7,0
611,2023,31,76,12,4.0,12,6,13,42,43,48,-5,7,0
612,2023,31,63,13,7.0,11,6,14,39,47,50,-3,7,0
613,2023,31,62,14,4.0,9,8,14,35,33,42,-9,7,0
614,2023,31,354,15,5.0,8,9,14,33,36,50,-14,7,0
615,2023,31,351,16,5.0,7,8,16,29,39,53,-14,7,0
616,2023,31,402,17,3.0,7,7,17,28,42,55,-13,7,0
617,2023,31,389,18,2.0,5,7,19,22,43,64,-21,7,0
618,2023,31,328,19,6.0,4,7,20,19,32,66,-34,7,0
619,2023,31,356,20,2.0,3,6,22,15,30,84,-54,7,0
620,2023,32,57,1,13.0,23,5,4,74,80,24,56,6,0
621,2023,32,65,2,11.0,22,7,3,73,75,31,44,6,1
622,2023,32,64,3,8.0,21,8,3,71,72,32,40,6,0
623,2023,32,73,4,7.0,18,6,8,60,65,47,18,6,0
624,2023,32,58,5,5.0,18,6,8,60,66,49,17,6,0
625,2023,32,66,6,8.0,16,4,12,52,49,48,1,6,0
626,2023,32,563,7,6.0,13,9,10,48,52,56,-4,6,0
627,2023,32,67,8,7.0,14,5,13,47,65,54,11,6,0
628,2023,32,61,9,8.0,13,8,11,47,57,57,0,6,0
629,2023,32,1044,10,12.0,12,8,12,44,46,55,-9,6,0
630,2023,32,397,11,4.0,11,10,11,43,51,53,-2,6,0
631,2023,32,76,12,4.0,12,6,14,42,44,50,-6,6,0
632,2023,32,63,13,4.0,11,6,15,39,47,51,-4,6,0
633,2023,32,62,14,7.0,10,8,14,38,34,42,-8,6,0
634,2023,32,354,15,5.0,8,9,15,33,38,54,-16,6,0
635,2023,32,402,16,3.0,7,8,17,29,45,58,-13,6,0
636,2023,32,351,17,5.0,7,8,17,29,40,56,-16,6,0
637,2023,32,389,18,4.0,6,7,19,25,45,65,-20,6,0
638,2023,32,328,19,6.0,4,7,21,19,32,67,-35,6,0
639,2023,32,356,20,3.0,3,7,22,16,32,86,-54,6,0
640,2023,33,65,1,13.0,23,7,3,76,80,32,48,5,1
641,2023,33,57,2,10.0,23,5,5,74,80,26,54,5,0
642,2023,33,64,3,7.0,21,8,4,71,72,33,39,5,0
643,2023,33,58,4,8.0,19,6,8,63,68,49,19,5,0
644,2023,33,73,5,7.0,18,6,9,60,65,51,14,5,0
645,2023,33,66,6,6.0,16,5,12,53,51,50,1,5,0
646,2023,33,67,7,10.0,15,5,13,50,69,54,15,5,0
647,2023,33,61,8,10.0,14,8,11,50,63,57,6,5,0
648,2023,33,563,9,5.0,13,9,11,48,52,58,-6,5,0
649,2023,33,1044,10,10.0,12,9,12,45,48,57,-9,5,0
650,2023,33,397,11,2.0,11,11,11,44,52,54,-2,5,0
651,2023,33,76,12,2.0,12,7,14,43,46,52,-6,5,0
652,2023,33,63,13,7.0,12,6,15,42,49,51,-2,5,0
653,2023,33,62,14,7.0,10,8,15,38,34,48,-14,5,0
654,2023,33,354,15,7.0,9,9,15,36,39,54,-15,5,0
655,2023,33,402,16,6.0,8,8,17,32,47,58,-11,5,0
656,2023,33,351,17,6.0,7,9,17,30,42,58,-16,5,0
657,2023,33,389,18,4.0,6,7,20,25,46,70,-24,5,0
658,2023,33,328,19,6.0,4,8,21,20,33,68,-35,5,0
659,2023,33,356,20,2.0,3,7,23,16,32,88,-56,5,0
660,2023,34,65,1,15.0,24,7,3,79,82,32,50,4,1
661,2023,34,57,2,12.0,24,5,5,77,82,26,56,4,0
662,2023,34,64,3,7.0,22,8,4,74,75,34,41,4,0
663,2023,34,58,4,10.0,20,6,8,66,71,50,21,4,0
664,2023,34,73,5,4.0,18,6,10,60,65,53,12,4,0
665,2023,34,66,6,8.0,17,5,12,56,54,52,2,4,0
666,2023,34,61,7,10.0,15,8,11,53,65,58,7,4,0
667,2023,34,67,8,7.0,15,5,14,50,71,57,14,4,0
668,2023,34,563,9,4.0,13,9,12,48,54,63,-9,4,0
669,2023,34,1044,10,7.0,12,9,13,45,49,60,-11,4,0
670,2023,34,397,11,2.0,11,11,12,44,53,56,-3,4,0
671,2023,34,76,12,2.0,12,7,15,43,46,54,-8,4,0
672,2023,34,63,13,4.0,12,6,16,42,50,54,-4,4,0
673,2023,34,62,14,10.0,11,8,15,41,36,48,-12,4,0
674,2023,34,354,15,9.0,10,9,15,39,44,56,-12,4,0
675,2023,34,402,16,9.0,9,8,17,35,52,59,-7,4,0
676,2023,34,351,17,5.0,7,9,18,30,42,60,-18,4,0
677,2023,34,389,18,3.0,6,7,21,25,47,75,-28,4,0
678,2023,34,328,19,6.0,5,8,21,23,37,69,-32,4,0
679,2023,34,356,20,1.0,3,7,24,16,33,92,-59,4,0
680,2023,35,65,1,15.0,25,7,3,82,84,32,52,3,1
681,2023,35,57,2,12.0,25,5,5,80,85,28,57,3,0
682,2023,35,64,3,5.0,22,9,4,75,77,36,41,3,0
683,2023,35,58,4,8.0,20,7,8,67,73,52,21,3,0
684,2023,35,73,5,3.0,18,6,11,60,67,56,11,3,0
685,2023,35,66,6,9.0,17,6,12,57,55,53,2,3,0
686,2023,35,61,7,10.0,15,9,11,54,67,60,7,3,0
687,2023,35,67,8,9.0,16,5,14,53,76,58,18,3,0
688,2023,35,563,9,5.0,13,10,12,49,56,65,-9,3,0
689,2023,35,1044,10,7.0,13,9,13,48,52,60,-8,3,0
690,2023,35,76,11,4.0,13,7,15,46,48,55,-7,3,0
691,2023,35,397,12,1.0,11,11,13,44,53,59,-6,3,0
692,2023,35,62,13,12.0,12,8,15,44,37,48,-11,3,0
693,2023,35,63,14,4.0,12,7,16,43,51,55,-4,3,0
694,2023,35,354,15,10.0,10,10,15,40,45,57,-12,3,0
695,2023,35,402,16,8.0,9,8,18,35,52,60,-8,3,0
696,2023,35,351,17,4.0,7,9,19,30,42,62,-20,3,0
697,2023,35,389,18,3.0,6,7,22,25,48,77,-29,3,0
698,2023,35,328,19,6.0,5,9,21,24,38,70,-32,3,0
699,2023,35,356,20,1.0,3,7,25,16,34,97,-63,3,0
700,2023,36,65,1,15.0,26,7,3,85,89,33,56,2,1
701,2023,36,57,2,12.0,26,5,5,83,88,28,60,2,0
702,2023,36,64,3,7.0,23,9,4,78,81,38,43,2,0
703,2023,36,58,4,8.0,20,7,9,67,73,53,20,2,0
704,2023,36,73,5,0.0,18,6,12,60,69,60,9,2,0
705,2023,36,61,6,10.0,16,9,11,57,72,60,12,2,0
706,2023,36,66,7,8.0,17,6,13,57,55,57,-2,2,0
707,2023,36,67,8,9.0,17,5,14,56,80,59,21,2,0
708,2023,36,563,9,4.0,13,10,13,49,56,70,-14,2,0
709,2023,36,1044,10,7.0,13,9,14,48,52,63,-11,2,0
710,2023,36,397,11,4.0,12,11,13,47,54,59,-5,2,0
711,2023,36,76,12,4.0,13,7,16,46,49,60,-11,2,0
712,2023,36,62,13,10.0,12,9,15,45,38,49,-11,2,0
713,2023,36,63,14,5.0,12,8,16,44,51,55,-4,2,0
714,2023,36,354,15,13.0,11,10,15,43,49,57,-8,2,0
715,2023,36,402,16,8.0,9,9,18,36,52,60,-8,2,0
716,2023,36,351,17,4.0,8,9,19,33,45,63,-18,2,0
717,2023,36,389,18,4.0,6,8,22,26,49,78,-29,2,0
718,2023,36,328,19,5.0,5,9,22,24,39,74,-35,2,0
719,2023,36,356,20,0.0,3,7,26,16,35,100,-65,2,0
720,2023,37,65,1,15.0,27,7,3,88,93,33,60,1,1
721,2023,37,57,2,15.0,27,5,5,86,89,28,61,1,0
722,2023,37,64,3,8.0,23,10,4,79,84,41,43,1,0
723,2023,37,58,4,8.0,20,8,9,68,76,56,20,1,0
724,2023,37,73,5,3.0,19,6,12,63,71,61,10,1,0
725,2023,37,61,6,13.0,17,9,11,60,75,62,13,1,0
726,2023,37,67,7,7.0,17,6,14,57,81,60,21,1,0
727,2023,37,66,8,7.0,17,6,14,57,55,58,-3,1,0
728,2023,37,563,9,4.0,14,10,13,52,59,71,-12,1,0
729,2023,37,397,10,4.0,12,12,13,48,55,60,-5,1,0
730,2023,37,62,11,13.0,13,9,15,48,39,49,-10,1,0
731,2023,37,1044,12,6.0,13,9,15,48,53,65,-12,1,0
732,2023,37,354,13,13.0,12,10,15,46,52,58,-6,1,0
733,2023,37,76,14,3.0,13,7,17,46,50,63,-13,1,0
734,2023,37,63,15,5.0,12,8,17,44,51,59,-8,1,0
735,2023,37,402,16,10.0,10,9,18,39,54,61,-7,1,0
736,2023,37,351,17,4.0,8,9,20,33,47,66,-19,1,0
737,2023,37,389,18,1.0,6,8,23,26,50,81,-31,1,0
738,2023,37,328,19,5.0,5,9,23,24,40,76,-36,1,0
739,2023,37,356,20,0.0,3,7,27,16,35,101,-66,1,0
740,2023,38,65,1,15.0,28,7,3,91,96,34,62,0,1
741,2023,38,57,2,15.0,28,5,5,89,91,29,62,0,0
742,2023,38,64,3,8.0,24,10,4,82,86,41,45,0,0
743,2023,38,58,4,5.0,20,8,10,68,76,61,15,0,0
744,2023,38,73,5,6.0,20,6,12,66,74,61,13,0,0
745,2023,38,61,6,15.0,18,9,11,63,77,63,14,0,0
746,2023,38,67,7,10.0,18,6,14,60,85,62,23,0,0
747,2023,38,66,8,7.0,18,6,14,60,57,58,-1,0,0
748,2023,38,563,9,4.0,14,10,14,52,60,74,-14,0,0
749,2023,38,354,10,13.0,13,10,15,49,57,58,-1,0,0
750,2023,38,397,11,4.0,12,12,14,48,55,62,-7,0,0
751,2023,38,62,12,10.0,13,9,16,48,40,51,-11,0,0
752,2023,38,1044,13,6.0,13,9,16,48,54,67,-13,0,0
753,2023,38,63,14,5.0,13,8,17,47,55,61,-6,0,0
754,2023,38,76,15,3.0,13,7,18,46,50,65,-15,0,0
755,2023,38,402,16,7.0,10,9,19,39,56,65,-9,0,0
756,2023,38,351,17,6.0,9,9,20,36,49,67,-18,0,0
757,2023,38,389,18,1.0,6,8,24,26,52,85,-33,0,0
758,2023,38,328,19,4.0,5,9,24,24,41,78,-37,0,0
759,2023,38,356,20,0.0,3,7,28,16,35,104,-69,0,0
760,2024,1,397,1,3.0,1,0,0,3,3,0,3,37,0
761,2024,1,64,2,3.0,1,0,0,3,2,0,2,37,1
762,2024,1,57,3,3.0,1,0,0,3,2,0,2,37,0
763,2024,1,65,4,3.0,1,0,0,3,2,0,2,37,0
764,2024,1,58,5,3.0,1,0,0,3,2,1,1,37,0
765,2024,1,402,6,3.0,1,0,0,3,2,1,1,37,0
766,2024,1,66,7,3.0,1,0,0,3,1,0,1,37,0
767,2024,1,67,8,3.0,1,0,0,3,1,0,1,37,0
768,2024,1,351,9,1.0,0,1,0,1,1,1,0,37,0
769,2024,1,1044,10,1.0,0,1,0,1,1,1,0,37,0
770,2024,1,338,11,1.0,0,1,0,1,1,1,0,37,0
771,2024,1,73,12,1.0,0,1,0,1,1,1,0,37,0
772,2024,1,563,13,0.0,0,0,1,0,1,2,-1,37,0
773,2024,1,354,14,0.0,0,0,1,0,1,2,-1,37,0
774,2024,1,63,15,0.0,0,0,1,0,0,1,-1,37,0
775,2024,1,340,16,0.0,0,0,1,0,0,1,-1,37,0
776,2024,1,349,17,0.0,0,0,1,0,0,2,-2,37,0
777,2024,1,76,18,0.0,0,0,1,0,0,2,-2,37,0
778,2024,1,61,19,0.0,0,0,1,0,0,2,-2,37,0
779,2024,1,62,20,0.0,0,0,1,0,0,3,-3,37,0
780,2024,2,65,1,6.0,2,0,0,6,6,1,5,36,0
781,2024,2,397,2,6.0,2,0,0,6,5,1,4,36,0
782,2024,2,64,3,6.0,2,0,0,6,4,0,4,36,1
783,2024,2,57,4,6.0,2,0,0,6,4,0,4,36,0
784,2024,2,73,5,4.0,1,1,0,4,5,1,4,36,0
785,2024,2,67,6,4.0,1,1,0,4,2,1,1,36,0
786,2024,2,351,7,4.0,1,1,0,4,2,1,1,36,0
787,2024,2,61,8,3.0,1,0,1,3,6,4,2,36,0
788,2024,2,563,9,3.0,1,0,1,3,3,2,1,36,0
789,2024,2,66,10,3.0,1,0,1,3,2,2,0,36,0
790,2024,2,63,11,3.0,1,0,1,3,2,2,0,36,0
791,2024,2,58,12,3.0,1,0,1,3,2,3,-1,36,0
792,2024,2,402,13,3.0,1,0,1,3,2,3,-1,36,0
793,2024,2,1044,14,2.0,0,2,0,2,2,2,0,36,0
794,2024,2,338,15,1.0,0,1,1,1,2,3,-1,36,0
795,2024,2,340,16,0.0,0,0,2,0,0,2,-2,36,0
796,2024,2,354,17,0.0,0,0,2,0,1,4,-3,36,0
797,2024,2,349,18,0.0,0,0,2,0,1,6,-5,36,0
798,2024,2,76,19,0.0,0,0,2,0,2,8,-6,36,0
799,2024,2,62,20,0.0,0,0,2,0,0,7,-7,36,0
800,2024,3,65,1,9.0,3,0,0,9,9,2,7,35,0
801,2024,3,64,2,9.0,3,0,0,9,7,0,7,35,1
802,2024,3,397,3,7.0,2,1,0,7,6,2,4,35,0
803,2024,3,57,4,7.0,2,1,0,7,5,1,4,35,0
804,2024,3,67,5,7.0,2,1,0,7,4,2,2,35,0
805,2024,3,402,6,6.0,2,0,1,6,5,4,1,35,0
806,2024,3,58,7,6.0,2,0,1,6,4,4,0,35,0
807,2024,3,1044,8,5.0,1,2,0,5,5,4,1,35,0
808,2024,3,351,9,5.0,1,2,0,5,3,2,1,35,0
809,2024,3,73,10,4.0,1,1,1,4,6,3,3,35,0
810,2024,3,61,11,4.0,1,1,1,4,7,5,2,35,0
811,2024,3,63,12,4.0,1,1,1,4,3,3,0,35,0
812,2024,3,563,13,3.0,1,0,2,3,4,5,-1,35,0
813,2024,3,66,14,3.0,1,0,2,3,2,5,-3,35,0
814,2024,3,338,15,1.0,0,1,2,1,3,5,-2,35,0
815,2024,3,354,16,1.0,0,1,2,1,2,5,-3,35,0
816,2024,3,349,17,1.0,0,1,2,1,2,7,-5,35,0
817,2024,3,76,18,1.0,0,1,2,1,3,9,-6,35,0
818,2024,3,340,19,0.0,0,0,3,0,1,5,-4,35,0
819,2024,3,62,20,0.0,0,0,3,0,2,10,-8,35,0
820,2024,4,65,1,12.0,4,0,0,12,11,3,8,34,0
821,2024,4,57,2,10.0,3,1,0,10,6,1,5,34,0
822,2024,4,67,3,10.0,3,1,0,10,6,3,3,34,0
823,2024,4,64,4,9.0,3,0,1,9,7,1,6,34,1
824,2024,4,58,5,9.0,3,0,1,9,7,6,1,34,0
825,2024,4,397,6,8.0,2,2,0,8,6,2,4,34,0
826,2024,4,351,7,8.0,2,2,0,8,4,2,2,34,0
827,2024,4,61,8,7.0,2,1,1,7,8,5,3,34,0
828,2024,4,402,9,6.0,2,0,2,6,6,6,0,34,0
829,2024,4,66,10,6.0,2,0,2,6,5,5,0,34,0
830,2024,4,1044,11,5.0,1,2,1,5,5,5,0,34,0
831,2024,4,63,12,5.0,1,2,1,5,4,4,0,34,0
832,2024,4,73,13,4.0,1,1,2,4,6,4,2,34,0
833,2024,4,563,14,4.0,1,1,2,4,5,6,-1,34,0
834,2024,4,338,15,2.0,0,2,2,2,5,7,-2,34,0
835,2024,4,354,16,2.0,0,2,2,2,4,7,-3,34,0
836,2024,4,349,17,2.0,0,2,2,2,2,7,-5,34,0
837,2024,4,76,18,1.0,0,1,3,1,4,11,-7,34,0
838,2024,4,340,19,0.0,0,0,4,0,1,8,-7,34,0
839,2024,4,62,20,0.0,0,0,4,0,4,13,-9,34,0
840,2024,5,65,1,13.0,4,1,0,13,13,5,8,33,0
841,2024,5,64,2,12.0,4,0,1,12,10,1,9,33,1
842,2024,5,58,3,12.0,4,0,1,12,10,7,3,33,0
843,2024,5,57,4,11.0,3,2,0,11,8,3,5,33,0
844,2024,5,61,5,10.0,3,1,1,10,11,5,6,33,0
845,2024,5,67,6,10.0,3,1,1,10,7,6,1,33,0
846,2024,5,397,7,9.0,2,3,0,9,8,4,4,33,0
847,2024,5,351,8,9.0,2,3,0,9,6,4,2,33,0
848,2024,5,63,9,8.0,2,2,1,8,7,5,2,33,0
849,2024,5,73,10,7.0,2,1,2,7,9,5,4,33,0
850,2024,5,66,11,7.0,2,1,2,7,5,5,0,33,0
851,2024,5,402,12,6.0,2,0,3,6,7,9,-2,33,0
852,2024,5,1044,13,5.0,1,2,2,5,5,8,-3,33,0
853,2024,5,563,14,4.0,1,1,3,4,5,9,-4,33,0
854,2024,5,338,15,3.0,0,3,2,3,6,8,-2,33,0
855,2024,5,354,16,3.0,0,3,2,3,4,7,-3,33,0
856,2024,5,349,17,3.0,0,3,2,3,3,8,-5,33,0
857,2024,5,340,18,1.0,0,1,4,1,2,9,-7,33,0
858,2024,5,76,19,1.0,0,1,4,1,5,14,-9,33,0
859,2024,5,62,20,1.0,0,1,4,1,5,14,-9,33,0
860,2024,6,64,1,12.0,5,0,1,15,12,2,10,32,1
861,2024,6,65,2,11.0,4,2,0,14,14,6,8,32,0
862,2024,6,57,3,11.0,4,2,0,14,12,5,7,32,0
863,2024,6,61,4,13.0,4,1,1,13,15,7,8,32,0
864,2024,6,58,5,10.0,4,1,1,13,12,9,3,32,0
865,2024,6,63,6,11.0,3,2,1,11,8,5,3,32,0
866,2024,6,67,7,8.0,3,2,1,11,8,7,1,32,0
867,2024,6,73,8,9.0,3,1,2,10,12,5,7,32,0
868,2024,6,397,9,6.0,2,3,1,9,10,8,2,32,0
869,2024,6,351,10,8.0,2,3,1,9,6,5,1,32,0
870,2024,6,1044,11,7.0,2,2,2,8,8,9,-1,32,0
871,2024,6,402,12,4.0,2,1,3,7,8,10,-2,32,0
872,2024,6,66,13,4.0,2,1,3,7,5,8,-3,32,0
873,2024,6,563,14,5.0,1,2,3,5,6,10,-4,32,0
874,2024,6,349,15,4.0,0,4,2,4,5,10,-5,32,0
875,2024,6,62,16,4.0,1,1,4,4,7,15,-8,32,0
876,2024,6,338,17,2.0,0,3,3,3,8,12,-4,32,0
877,2024,6,354,18,3.0,0,3,3,3,5,9,-4,32,0
878,2024,6,340,19,1.0,0,1,5,1,3,12,-9,32,0
879,2024,6,76,20,1.0,0,1,5,1,6,16,-10,32,0
880,2024,7,64,1,12.0,6,0,1,18,13,2,11,31,1
881,2024,7,65,2,11.0,5,2,0,17,17,8,9,31,0
882,2024,7,57,3,11.0,5,2,0,17,15,6,9,31,0
883,2024,7,61,4,11.0,4,2,1,14,16,8,8,31,0
884,2024,7,58,5,11.0,4,2,1,14,12,9,3,31,0
885,2024,7,397,6,6.0,3,3,1,12,13,10,3,31,0
886,2024,7,67,7,8.0,3,3,1,12,8,7,1,31,0
887,2024,7,63,8,8.0,3,2,2,11,10,8,2,31,0
888,2024,7,73,9,6.0,3,1,3,10,14,8,6,31,0
889,2024,7,351,10,6.0,2,4,1,10,7,6,1,31,0
890,2024,7,402,11,7.0,3,1,3,10,13,13,0,31,0
891,2024,7,563,12,5.0,2,2,3,8,10,11,-1,31,0
892,2024,7,1044,13,6.0,2,2,3,8,8,10,-2,31,0
893,2024,7,66,14,5.0,2,2,3,8,5,8,-3,31,0
894,2024,7,338,15,5.0,1,3,3,6,9,12,-3,31,0
895,2024,7,62,16,5.0,1,2,4,5,7,15,-8,31,0
896,2024,7,349,17,4.0,0,4,3,4,6,14,-8,31,0
897,2024,7,354,18,3.0,0,3,4,3,5,10,-5,31,0
898,2024,7,340,19,1.0,0,1,6,1,4,15,-11,31,0
899,2024,7,76,20,1.0,0,1,6,1,9,21,-12,31,0
900,2024,8,64,1,12.0,7,0,1,21,15,3,12,30,1
901,2024,8,65,2,11.0,6,2,0,20,19,9,10,30,0
902,2024,8,57,3,10.0,5,2,1,17,15,8,7,30,0
903,2024,8,58,4,11.0,5,2,1,17,15,10,5,30,0
904,2024,8,397,5,8.0,4,3,1,15,14,10,4,30,0
905,2024,8,61,6,10.0,4,2,2,14,17,10,7,30,0
906,2024,8,73,7,9.0,4,1,3,13,18,9,9,30,0
907,2024,8,351,8,8.0,3,4,1,13,8,6,2,30,0
908,2024,8,67,9,5.0,3,3,2,12,8,8,0,30,0
909,2024,8,63,10,7.0,3,2,3,11,11,11,0,30,0
910,2024,8,1044,11,6.0,3,2,3,11,10,10,0,30,0
911,2024,8,66,12,8.0,3,2,3,11,7,9,-2,30,0
912,2024,8,402,13,4.0,3,1,4,10,14,15,-1,30,0
913,2024,8,338,14,8.0,2,3,3,9,12,14,-2,30,0
914,2024,8,563,15,5.0,2,2,4,8,11,15,-4,30,0
915,2024,8,62,16,8.0,2,2,4,8,9,15,-6,30,0
916,2024,8,349,17,3.0,0,4,4,4,6,16,-10,30,0
917,2024,8,354,18,2.0,0,3,5,3,5,11,-6,30,0
918,2024,8,340,19,1.0,0,1,7,1,6,18,-12,30,0
919,2024,8,76,20,0.0,0,1,7,1,10,23,-13,30,0
920,2024,9,65,1,11.0,7,2,0,23,20,9,11,29,0
921,2024,9,64,2,13.0,7,1,1,22,17,5,12,29,1
922,2024,9,57,3,8.0,5,3,1,18,17,10,7,29,0
923,2024,9,58,4,9.0,5,3,1,18,16,11,5,29,0
924,2024,9,61,5,10.0,5,2,2,17,19,11,8,29,0
925,2024,9,397,6,8.0,4,4,1,16,16,12,4,29,0
926,2024,9,351,7,8.0,4,4,1,16,11,7,4,29,0
927,2024,9,73,8,9.0,4,1,4,13,18,10,8,29,0
928,2024,9,402,9,7.0,4,1,4,13,18,18,0,29,0
929,2024,9,63,10,7.0,3,3,3,12,12,12,0,29,0
930,2024,9,1044,11,7.0,3,3,3,12,11,11,0,29,0
931,2024,9,67,12,2.0,3,3,3,12,9,10,-1,29,0
932,2024,9,563,13,7.0,3,2,4,11,13,16,-3,29,0
933,2024,9,66,14,5.0,3,2,4,11,8,11,-3,29,0
934,2024,9,338,15,7.0,2,3,4,9,13,17,-4,29,0
935,2024,9,62,16,9.0,2,3,4,9,10,16,-6,29,0
936,2024,9,354,17,4.0,1,3,5,6,6,11,-5,29,0
937,2024,9,349,18,2.0,0,4,5,4,9,20,-11,29,0
938,2024,9,76,19,1.0,0,2,7,2,12,25,-13,29,0
939,2024,9,340,20,1.0,0,1,8,1,6,19,-13,29,0
940,2024,10,64,1,13.0,8,1,1,25,19,6,13,28,1
941,2024,10,65,2,10.0,7,2,1,23,21,11,10,28,0
942,2024,10,351,3,10.0,5,4,1,19,14,7,7,28,0
943,2024,10,61,4,8.0,5,3,2,18,20,12,8,28,0
944,2024,10,57,5,7.0,5,3,2,18,17,11,6,28,0
945,2024,10,58,6,6.0,5,3,2,18,17,15,2,28,0
946,2024,10,73,7,9.0,5,1,4,16,22,11,11,28,0
947,2024,10,397,8,7.0,4,4,2,16,17,14,3,28,0
948,2024,10,63,9,7.0,4,3,3,15,14,13,1,28,0
949,2024,10,1044,10,10.0,4,3,3,15,13,12,1,28,0
950,2024,10,67,11,5.0,4,3,3,15,10,10,0,28,0
951,2024,10,402,12,7.0,4,1,5,13,19,20,-1,28,0
952,2024,10,66,13,5.0,3,3,4,12,9,12,-3,28,0
953,2024,10,563,14,7.0,3,2,5,11,13,19,-6,28,0
954,2024,10,338,15,7.0,2,4,4,10,14,18,-4,28,0
955,2024,10,62,16,8.0,2,3,5,9,10,17,-7,28,0
956,2024,10,354,17,4.0,1,4,5,7,8,13,-5,28,0
957,2024,10,349,18,2.0,0,5,5,5,10,21,-11,28,0
958,2024,10,340,19,3.0,1,1,8,4,7,19,-12,28,0
959,2024,10,76,20,2.0,0,3,7,3,14,27,-13,28,0
960,2024,11,64,1,13.0,9,1,1,28,21,6,15,27,1
961,2024,11,65,2,9.0,7,2,2,23,22,13,9,27,0
962,2024,11,61,3,6.0,5,4,2,19,21,13,8,27,0
963,2024,11,57,4,5.0,5,4,2,19,18,12,6,27,0
964,2024,11,351,5,10.0,5,4,2,19,15,10,5,27,0
965,2024,11,397,6,10.0,5,4,2,19,19,15,4,27,0
966,2024,11,63,7,7.0,5,3,3,18,16,13,3,27,0
967,2024,11,67,8,7.0,5,3,3,18,13,11,2,27,0
968,2024,11,58,9,5.0,5,3,3,18,17,17,0,27,0
969,2024,11,73,10,6.0,5,1,5,16,23,13,10,27,0
970,2024,11,402,11,9.0,5,1,5,16,22,22,0,27,0
971,2024,11,1044,12,7.0,4,3,4,15,15,15,0,27,0
972,2024,11,66,13,8.0,4,3,4,15,12,12,0,27,0
973,2024,11,563,14,7.0,3,3,5,12,13,19,-6,27,0
974,2024,11,338,15,7.0,2,4,5,10,14,21,-7,27,0
975,2024,11,62,16,6.0,2,4,5,10,10,17,-7,27,0
976,2024,11,349,17,4.0,1,5,5,8,12,22,-10,27,0
977,2024,11,354,18,4.0,1,4,6,7,8,15,-7,27,0
978,2024,11,76,19,5.0,1,3,7,6,16,27,-11,27,0
979,2024,11,340,20,3.0,1,1,9,4,7,21,-14,27,0
980,2024,12,64,1,13.0,10,1,1,31,24,8,16,26,1
981,2024,12,65,2,6.0,7,2,3,23,22,17,5,26,0
982,2024,12,61,3,8.0,6,4,2,22,23,14,9,26,0
983,2024,12,57,4,5.0,6,4,2,22,21,12,9,26,0
984,2024,12,397,5,10.0,6,4,2,22,21,16,5,26,0
985,2024,12,73,6,9.0,6,1,5,19,27,13,14,26,0
986,2024,12,351,7,9.0,5,4,3,19,15,13,2,26,0
987,2024,12,58,8,5.0,5,4,3,19,19,19,0,26,0
988,2024,12,63,9,7.0,5,3,4,18,17,17,0,26,0
989,2024,12,67,10,6.0,5,3,4,18,13,13,0,26,0
990,2024,12,402,11,7.0,5,2,5,17,22,22,0,26,0
991,2024,12,66,12,8.0,4,4,4,16,13,13,0,26,0
992,2024,12,1044,13,7.0,4,3,5,15,16,17,-1,26,0
993,2024,12,563,14,7.0,4,3,5,15,15,19,-4,26,0
994,2024,12,62,15,6.0,2,5,5,11,10,17,-7,26,0
995,2024,12,338,16,4.0,2,4,6,10,15,23,-8,26,0
996,2024,12,76,17,8.0,2,3,7,9,20,28,-8,26,0
997,2024,12,349,18,5.0,1,6,5,9,13,23,-10,26,0
998,2024,12,354,19,5.0,1,5,6,8,10,17,-7,26,0
999,2024,12,340,20,3.0,1,1,10,4,9,24,-15,26,0
1000,2024,13,64,1,13.0,11,1,1,34,26,8,18,25,1
1001,2024,13,57,2,8.0,7,4,2,25,26,14,12,25,0
1002,2024,13,61,3,11.0,7,4,2,25,26,14,12,25,0
1003,2024,13,397,4,8.0,6,5,2,23,22,17,5,25,0
1004,2024,13,65,5,3.0,7,2,4,23,22,19,3,25,0
1005,2024,13,351,6,9.0,6,4,3,22,16,13,3,25,0
1006,2024,13,73,7,7.0,6,2,5,20,28,14,14,25,0
1007,2024,13,402,8,10.0,6,2,5,20,26,23,3,25,0
1008,2024,13,66,9,8.0,5,4,4,19,17,13,4,25,0
1009,2024,13,63,10,8.0,5,4,4,19,18,18,0,25,0
1010,2024,13,67,11,7.0,5,4,4,19,14,14,0,25,0
1011,2024,13,58,12,2.0,5,4,4,19,19,22,-3,25,0
1012,2024,13,1044,13,7.0,5,3,5,18,20,19,1,25,0
1013,2024,13,563,14,7.0,4,3,6,15,17,24,-7,25,0
1014,2024,13,62,15,3.0,2,5,6,11,10,21,-11,25,0
1015,2024,13,338,16,1.0,2,4,7,10,16,27,-11,25,0
1016,2024,13,354,17,6.0,1,6,6,9,11,18,-7,25,0
1017,2024,13,76,18,8.0,2,3,8,9,22,32,-10,25,0
1018,2024,13,349,19,5.0,1,6,6,9,13,24,-11,25,0
1019,2024,13,340,20,4.0,1,2,10,5,10,25,-15,25,0
1020,2024,14,64,1,13.0,11,2,1,35,29,11,18,24,1
1021,2024,14,61,2,11.0,8,4,2,28,31,15,16,24,0
1022,2024,14,57,3,10.0,8,4,2,28,28,14,14,24,0
1023,2024,14,65,4,3.0,8,2,4,26,25,19,6,24,0
1024,2024,14,397,5,7.0,6,5,3,23,23,20,3,24,0
1025,2024,14,63,6,10.0,6,4,4,22,21,19,2,24,0
1026,2024,14,351,7,6.0,6,4,4,22,16,16,0,24,0
1027,2024,14,58,8,4.0,6,4,4,22,22,23,-1,24,0
1028,2024,14,1044,9,9.0,6,3,5,21,21,19,2,24,0
1029,2024,14,73,10,7.0,6,2,6,20,28,15,13,24,0
1030,2024,14,402,11,7.0,6,2,6,20,27,26,1,24,0
1031,2024,14,67,12,8.0,5,5,4,20,17,17,0,24,0
1032,2024,14,66,13,8.0,5,4,5,19,17,15,2,24,0
1033,2024,14,563,14,4.0,4,3,7,15,18,27,-9,24,0
1034,2024,14,62,15,5.0,3,5,6,14,14,21,-7,24,0
1035,2024,14,338,16,4.0,3,4,7,13,19,28,-9,24,0
1036,2024,14,354,17,6.0,2,6,6,12,12,18,-6,24,0
1037,2024,14,349,18,5.0,1,6,7,9,13,25,-12,24,0
1038,2024,14,76,19,7.0,2,3,9,9,22,36,-14,24,0
1039,2024,14,340,20,4.0,1,2,11,5,11,30,-19,24,0
1040,2024,15,64,1,11.0,11,3,1,36,31,13,18,23,1
1041,2024,15,61,2,13.0,9,4,2,31,35,18,17,23,0
1042,2024,15,57,3,11.0,8,5,2,29,29,15,14,23,0
1043,2024,15,65,4,4.0,8,3,4,27,27,21,6,23,0
1044,2024,15,351,5,6.0,7,4,4,25,19,18,1,23,0
1045,2024,15,58,6,7.0,7,4,4,25,23,23,0,23,0
1046,2024,15,397,7,8.0,6,6,3,24,25,22,3,23,0
1047,2024,15,1044,8,9.0,7,3,5,24,23,20,3,23,0
1048,2024,15,402,9,10.0,7,2,6,23,31,28,3,23,0
1049,2024,15,63,10,8.0,6,5,4,23,22,20,2,23,0
1050,2024,15,73,11,4.0,6,2,7,20,31,19,12,23,0
1051,2024,15,67,12,5.0,5,5,5,20,19,21,-2,23,0
1052,2024,15,66,13,7.0,5,4,6,19,19,18,1,23,0
1053,2024,15,563,14,7.0,5,3,7,18,20,28,-8,23,0
1054,2024,15,62,15,6.0,3,6,6,15,16,23,-7,23,0
1055,2024,15,338,16,4.0,3,5,7,14,21,30,-9,23,0
1056,2024,15,354,17,6.0,2,7,6,13,14,20,-6,23,0
1057,2024,15,349,18,4.0,1,6,8,9,14,27,-13,23,0
1058,2024,15,76,19,6.0,2,3,10,9,23,38,-15,23,0
1059,2024,15,340,20,1.0,1,2,12,5,11,31,-20,23,0
1060,2024,16,64,1,9.0,11,4,1,37,33,15,18,22,1
1061,2024,16,61,2,15.0,10,4,2,34,37,19,18,22,0
1062,2024,16,57,3,11.0,8,6,2,30,29,15,14,22,0
1063,2024,16,351,4,9.0,8,4,4,28,21,19,2,22,0
1064,2024,16,65,5,4.0,8,3,5,27,28,23,5,22,0
1065,2024,16,1044,6,10.0,7,4,5,25,24,21,3,22,0
1066,2024,16,58,7,7.0,7,4,5,25,24,25,-1,22,0
1067,2024,16,63,8,6.0,6,6,4,24,24,22,2,22,0
1068,2024,16,397,9,5.0,6,6,4,24,26,25,1,22,0
1069,2024,16,73,10,7.0,7,2,7,23,36,19,17,22,0
1070,2024,16,402,11,7.0,7,2,7,23,32,30,2,22,0
1071,2024,16,67,12,5.0,6,5,5,23,23,21,2,22,0
1072,2024,16,66,13,7.0,6,4,6,22,21,19,2,22,0
1073,2024,16,563,14,7.0,5,4,7,19,21,29,-8,22,0
1074,2024,16,354,15,9.0,3,7,6,16,17,21,-4,22,0
1075,2024,16,62,16,6.0,3,7,6,16,16,23,-7,22,0
1076,2024,16,338,17,4.0,3,5,8,14,21,34,-13,22,0
1077,2024,16,349,18,4.0,2,6,8,12,16,28,-12,22,0
1078,2024,16,76,19,3.0,2,3,11,9,24,40,-16,22,0
1079,2024,16,340,20,1.0,1,2,13,5,11,36,-25,22,0
1080,2024,17,64,1,9.0,12,4,1,40,39,18,21,21,1
1081,2024,17,61,2,13.0,10,5,2,35,37,19,18,21,0
1082,2024,17,57,3,11.0,9,6,2,33,34,16,18,21,0
1083,2024,17,351,4,12.0,9,4,4,31,23,19,4,21,0
1084,2024,17,1044,5,13.0,8,4,5,28,27,21,6,21,0
1085,2024,17,58,6,9.0,8,4,5,28,26,26,0,21,0
1086,2024,17,65,7,4.0,8,3,6,27,29,25,4,21,0
1087,2024,17,67,8,8.0,7,5,5,26,27,21,6,21,0
1088,2024,17,63,9,7.0,6,7,4,25,24,22,2,21,0
1089,2024,17,397,10,3.0,6,7,4,25,27,26,1,21,0
1090,2024,17,73,11,4.0,7,2,8,23,39,25,14,21,0
1091,2024,17,402,12,6.0,7,2,8,23,32,32,0,21,0
1092,2024,17,66,13,6.0,6,4,7,22,21,22,-1,21,0
1093,2024,17,563,14,5.0,5,5,7,20,22,30,-8,21,0
1094,2024,17,62,15,6.0,3,8,6,17,16,23,-7,21,0
1095,2024,17,354,16,8.0,3,7,7,16,18,26,-8,21,0
1096,2024,17,338,17,4.0,3,5,9,14,21,37,-16,21,0
1097,2024,17,76,18,3.0,3,3,11,12,27,40,-13,21,0
1098,2024,17,349,19,3.0,2,6,9,12,16,32,-16,21,0
1099,2024,17,340,20,2.0,1,3,13,6,11,36,-25,21,0
1100,2024,18,64,1,9.0,13,4,1,43,42,19,23,20,1
1101,2024,18,57,2,11.0,10,6,2,36,35,16,19,20,0
1102,2024,18,61,3,10.0,10,5,3,35,38,21,17,20,0
1103,2024,18,351,4,12.0,10,4,4,34,24,19,5,20,0
1104,2024,18,67,5,10.0,8,5,5,29,30,21,9,20,0
1105,2024,18,1044,6,11.0,8,5,5,29,27,21,6,20,0
1106,2024,18,65,7,5.0,8,4,6,28,30,26,4,20,0
1107,2024,18,63,8,9.0,7,7,4,28,26,23,3,20,0
1108,2024,18,58,9,9.0,8,4,6,28,26,29,-3,20,0
1109,2024,18,397,10,3.0,6,8,4,26,27,26,1,20,0
1110,2024,18,402,11,4.0,7,3,8,24,32,32,0,20,0
1111,2024,18,73,12,3.0,7,2,9,23,39,26,13,20,0
1112,2024,18,563,13,8.0,6,5,7,23,23,30,-7,20,0
1113,2024,18,66,14,3.0,6,4,8,22,21,24,-3,20,0
1114,2024,18,62,15,7.0,3,9,6,18,17,24,-7,20,0
1115,2024,18,354,16,8.0,3,8,7,17,18,26,-8,20,0
1116,2024,18,76,17,6.0,4,3,11,15,29,40,-11,20,0
1117,2024,18,338,18,4.0,3,5,10,14,22,40,-18,20,0
1118,2024,18,349,19,3.0,2,6,10,12,16,33,-17,20,0
1119,2024,18,340,20,1.0,1,3,14,6,11,37,-26,20,0
1120,2024,19,64,1,11.0,14,4,1,46,47,19,28,19,1
1121,2024,19,57,2,11.0,11,6,2,39,38,17,21,19,0
1122,2024,19,351,3,15.0,11,4,4,37,26,19,7,19,0
1123,2024,19,61,4,7.0,10,5,4,35,38,23,15,19,0
1124,2024,19,67,5,12.0,9,5,5,32,32,21,11,19,0
1125,2024,19,65,6,5.0,9,4,6,31,32,26,6,19,0
1126,2024,19,1044,7,9.0,8,6,5,30,29,23,6,19,0
1127,2024,19,63,8,7.0,7,8,4,29,28,25,3,19,0
1128,2024,19,58,9,7.0,8,5,6,29,28,31,-3,19,0
1129,2024,19,397,10,4.0,6,9,4,27,29,28,1,19,0
1130,2024,19,73,11,4.0,7,3,9,24,41,28,13,19,0
1131,2024,19,402,12,4.0,7,3,9,24,33,35,-2,19,0
1132,2024,19,563,13,8.0,6,5,8,23,23,35,-12,19,0
1133,2024,19,66,14,3.0,6,4,9,22,21,26,-5,19,0
1134,2024,19,354,15,8.0,4,8,7,20,20,27,-7,19,0
1135,2024,19,62,16,4.0,3,9,7,18,17,26,-9,19,0
1136,2024,19,76,17,7.0,4,4,11,16,31,42,-11,19,0
1137,2024,19,349,18,6.0,3,6,10,15,18,33,-15,19,0
1138,2024,19,338,19,1.0,3,5,11,14,22,42,-20,19,0
1139,2024,19,340,20,1.0,1,3,15,6,12,39,-27,19,0
1140,2024,20,64,1,11.0,14,5,1,47,49,21,28,18,1
1141,2024,20,57,2,11.0,11,7,2,40,39,18,21,18,0
1142,2024,20,351,3,15.0,12,4,4,40,29,19,10,18,0
1143,2024,20,61,4,5.0,10,6,4,36,39,24,15,18,0
1144,2024,20,67,5,15.0,10,5,5,35,34,22,12,18,0
1145,2024,20,65,6,7.0,10,4,6,34,36,27,9,18,0
1146,2024,20,1044,7,9.0,9,6,5,33,30,23,7,18,0
1147,2024,20,58,8,7.0,9,5,6,32,30,32,-2,18,0
1148,2024,20,63,9,7.0,7,9,4,30,30,27,3,18,0
1149,2024,20,397,10,4.0,6,10,4,28,30,29,1,18,0
1150,2024,20,402,11,4.0,8,3,9,27,38,35,3,18,0
1151,2024,20,73,12,4.0,7,3,10,24,42,30,12,18,0
1152,2024,20,66,13,4.0,6,5,9,23,23,28,-5,18,0
1153,2024,20,563,14,5.0,6,5,9,23,24,39,-15,18,0
1154,2024,20,354,15,8.0,4,9,7,21,21,28,-7,18,0
1155,2024,20,62,16,3.0,3,9,8,18,17,27,-10,18,0
1156,2024,20,76,17,7.0,4,4,12,16,31,45,-14,18,0
1157,2024,20,349,18,7.0,3,7,10,16,20,35,-15,18,0
1158,2024,20,338,19,0.0,3,5,12,14,23,44,-21,18,0
1159,2024,20,340,20,1.0,1,3,16,6,12,44,-32,18,0
1160,2024,21,64,1,9.0,14,6,1,48,50,22,28,17,1
1161,2024,21,57,2,13.0,12,7,2,43,41,19,22,17,0
1162,2024,21,351,3,13.0,12,5,4,41,30,20,10,17,0
1163,2024,21,67,4,15.0,11,5,5,38,37,22,15,17,0
1164,2024,21,61,5,3.0,10,7,4,37,41,26,15,17,0
1165,2024,21,65,6,8.0,10,5,6,35,38,29,9,17,0
1166,2024,21,58,7,10.0,10,5,6,35,31,32,-1,17,0
1167,2024,21,1044,8,9.0,9,7,5,34,32,25,7,17,0
1168,2024,21,397,9,7.0,7,10,4,31,32,29,3,17,0
1169,2024,21,63,10,6.0,7,9,5,30,32,30,2,17,0
1170,2024,21,402,11,5.0,8,4,9,28,40,37,3,17,0
1171,2024,21,66,12,4.0,7,5,9,26,26,29,-3,17,0
1172,2024,21,563,13,7.0,7,5,9,26,27,41,-14,17,0
1173,2024,21,73,14,1.0,7,3,11,24,43,32,11,17,0
1174,2024,21,354,15,8.0,5,9,7,24,23,28,-5,17,0
1175,2024,21,62,16,2.0,3,9,9,18,17,28,-11,17,0
1176,2024,21,76,17,7.0,4,4,13,16,31,48,-17,17,0
1177,2024,21,349,18,4.0,3,7,11,16,20,37,-17,17,0
1178,2024,21,338,19,0.0,3,5,13,14,23,46,-23,17,0
1179,2024,21,340,20,1.0,1,3,17,6,13,47,-34,17,0
1180,2024,22,64,1,9.0,15,6,1,51,52,22,30,16,1
1181,2024,22,57,2,11.0,12,8,2,44,43,21,22,16,0
1182,2024,22,351,3,13.0,13,5,4,44,33,22,11,16,0
1183,2024,22,61,4,5.0,11,7,4,40,44,27,17,16,0
1184,2024,22,65,5,11.0,11,5,6,38,44,29,15,16,0
1185,2024,22,67,6,12.0,11,5,6,38,38,26,12,16,0
1186,2024,22,1044,7,9.0,10,7,5,37,36,26,10,16,0
1187,2024,22,58,8,8.0,10,6,6,36,33,34,-1,16,0
1188,2024,22,397,9,9.0,8,10,4,34,35,30,5,16,0
1189,2024,22,63,10,8.0,8,9,5,33,34,30,4,16,0
1190,2024,22,402,11,5.0,8,4,10,28,40,39,1,16,0
1191,2024,22,354,12,11.0,6,9,7,27,25,28,-3,16,0
1192,2024,22,66,13,4.0,7,5,10,26,27,32,-5,16,0
1193,2024,22,563,14,6.0,7,5,10,26,27,43,-16,16,0
1194,2024,22,73,15,1.0,7,3,12,24,45,35,10,16,0
1195,2024,22,62,16,4.0,4,9,9,21,20,30,-10,16,0
1196,2024,22,76,17,4.0,4,4,14,16,32,51,-19,16,0
1197,2024,22,349,18,4.0,3,7,12,16,20,43,-23,16,0
1198,2024,22,338,19,0.0,3,5,14,14,23,48,-25,16,0
1199,2024,22,340,20,0.0,1,3,18,6,15,50,-35,16,0
1200,2024,23,64,1,9.0,16,6,1,54,56,23,33,15,1
1201,2024,23,57,2,11.0,13,8,2,47,44,21,23,15,0
1202,2024,23,351,3,10.0,13,5,5,44,33,27,6,15,0
1203,2024,23,65,4,13.0,12,5,6,41,47,30,17,15,0
1204,2024,23,67,5,12.0,12,5,6,41,41,27,14,15,0
1205,2024,23,61,6,5.0,11,7,5,40,45,30,15,15,0
1206,2024,23,1044,7,11.0,11,7,5,40,41,26,15,15,0
1207,2024,23,58,8,9.0,10,7,6,37,34,35,-1,15,0
1208,2024,23,397,9,8.0,8,10,5,34,35,31,4,15,0
1209,2024,23,63,10,5.0,8,9,6,33,34,31,3,15,0
1210,2024,23,402,11,7.0,9,4,10,31,42,40,2,15,0
1211,2024,23,66,12,7.0,8,5,10,29,28,32,-4,15,0
1212,2024,23,354,13,10.0,6,9,8,27,26,30,-4,15,0
1213,2024,23,563,14,4.0,7,6,10,27,28,44,-16,15,0
1214,2024,23,73,15,1.0,7,3,13,24,46,37,9,15,0
1215,2024,23,62,16,7.0,5,9,9,24,21,30,-9,15,0
1216,2024,23,338,17,3.0,4,5,14,17,25,49,-24,15,0
1217,2024,23,76,18,1.0,4,4,15,16,32,52,-20,15,0
1218,2024,23,349,19,4.0,3,7,13,16,21,47,-26,15,0
1219,2024,23,340,20,0.0,1,3,19,6,16,53,-37,15,0
1220,2024,24,64,1,11.0,17,6,1,57,58,23,35,14,1
1221,2024,24,57,2,11.0,14,8,2,50,49,22,27,14,0
1222,2024,24,351,3,10.0,14,5,5,47,40,27,13,14,0
1223,2024,24,61,4,8.0,12,7,5,43,47,31,16,14,0
1224,2024,24,65,5,10.0,12,5,7,41,48,35,13,14,0
1225,2024,24,67,6,9.0,12,5,7,41,42,29,13,14,0
1226,2024,24,1044,7,10.0,11,7,6,40,41,28,13,14,0
1227,2024,24,58,8,8.0,10,7,7,37,34,37,-3,14,0
1228,2024,24,63,9,7.0,9,9,6,36,36,32,4,14,0
1229,2024,24,397,10,7.0,8,10,6,34,35,38,-3,14,0
1230,2024,24,402,11,7.0,9,4,11,31,42,42,0,14,0
1231,2024,24,354,12,10.0,7,9,8,30,28,30,-2,14,0
1232,2024,24,66,13,7.0,8,5,11,29,28,34,-6,14,0
1233,2024,24,73,14,3.0,8,3,13,27,48,37,11,14,0
1234,2024,24,62,15,10.0,6,9,9,27,25,30,-5,14,0
1235,2024,24,563,16,4.0,7,6,11,27,29,46,-17,14,0
1236,2024,24,76,17,3.0,5,4,15,19,34,52,-18,14,0
1237,2024,24,338,18,3.0,4,5,15,17,25,53,-28,14,0
1238,2024,24,349,19,1.0,3,7,14,16,22,49,-27,14,0
1239,2024,24,340,20,3.0,2,3,19,9,18,54,-36,14,0
1240,2024,25,64,1,13.0,18,6,1,60,60,24,36,13,1
1241,2024,25,57,2,13.0,15,8,2,53,51,22,29,13,0
1242,2024,25,351,3,7.0,14,5,6,47,41,29,12,13,0
1243,2024,25,65,4,10.0,13,5,7,44,52,35,17,13,0
1244,2024,25,1044,5,10.0,12,7,6,43,44,29,15,13,0
1245,2024,25,61,6,7.0,12,7,6,43,47,34,13,13,0
1246,2024,25,67,7,6.0,12,5,8,41,42,33,9,13,0
1247,2024,25,63,8,9.0,10,9,6,39,38,33,5,13,0
1248,2024,25,58,9,6.0,10,8,7,38,35,38,-3,13,0
1249,2024,25,397,10,9.0,9,10,6,37,38,38,0,13,0
1250,2024,25,402,11,7.0,10,4,11,34,43,42,1,13,0
1251,2024,25,73,12,6.0,9,3,13,30,49,37,12,13,0
1252,2024,25,354,13,9.0,7,9,9,30,29,32,-3,13,0
1253,2024,25,62,14,13.0,7,9,9,30,27,31,-4,13,0
1254,2024,25,66,15,6.0,8,5,12,29,28,35,-7,13,0
1255,2024,25,563,16,4.0,7,6,12,27,29,47,-18,13,0
1256,2024,25,76,17,3.0,5,4,16,19,35,54,-19,13,0
1257,2024,25,349,18,1.0,3,8,14,17,23,50,-27,13,0
1258,2024,25,338,19,3.0,4,5,16,17,25,55,-30,13,0
1259,2024,25,340,20,3.0,2,3,20,9,19,57,-38,13,0
1260,2024,26,64,1,13.0,19,6,1,63,62,24,38,12,1
1261,2024,26,57,2,10.0,15,8,3,53,51,23,28,12,0
1262,2024,26,351,3,6.0,14,5,7,47,44,33,11,12,0
1263,2024,26,65,4,9.0,13,5,8,44,52,37,15,12,0
1264,2024,26,67,5,6.0,13,5,8,44,46,36,10,12,0
1265,2024,26,1044,6,9.0,12,7,7,43,44,30,14,12,0
1266,2024,26,61,7,6.0,12,7,7,43,48,36,12,12,0
1267,2024,26,58,8,6.0,11,8,7,41,37,39,-2,12,0
1268,2024,26,397,9,9.0,10,10,6,40,42,38,4,12,0
1269,2024,26,63,10,9.0,10,9,7,39,38,35,3,12,0
1270,2024,26,402,11,9.0,11,4,11,37,47,42,5,12,0
1271,2024,26,73,12,9.0,10,3,13,33,53,38,15,12,0
1272,2024,26,354,13,9.0,8,9,9,33,31,32,-1,12,0
1273,2024,26,62,14,11.0,7,10,9,31,29,33,-4,12,0
1274,2024,26,66,15,4.0,8,6,12,30,30,37,-7,12,0
1275,2024,26,563,16,4.0,8,6,12,30,30,47,-17,12,0
1276,2024,26,76,17,6.0,6,4,16,22,36,54,-18,12,0
1277,2024,26,349,18,1.0,3,8,15,17,24,54,-30,12,0
1278,2024,26,338,19,3.0,4,5,17,17,25,59,-34,12,0
1279,2024,26,340,20,3.0,2,3,21,9,19,61,-42,12,0
1280,2024,27,64,1,13.0,20,6,1,66,64,24,40,11,1
1281,2024,27,57,2,10.0,15,9,3,54,51,23,28,11,0
1282,2024,27,351,3,4.0,14,6,7,48,44,33,11,11,0
1283,2024,27,65,4,9.0,14,5,8,47,53,37,16,11,0
1284,2024,27,61,5,6.0,13,7,7,46,52,36,16,11,0
1285,2024,27,67,6,6.0,13,5,9,44,46,38,8,11,0
1286,2024,27,1044,7,6.0,12,7,8,43,45,32,13,11,0
1287,2024,27,397,8,9.0,11,10,6,43,44,39,5,11,0
1288,2024,27,63,9,9.0,11,9,7,42,40,36,4,11,0
1289,2024,27,58,10,5.0,11,8,8,41,38,43,-5,11,0
1290,2024,27,402,11,10.0,11,5,11,38,48,43,5,11,0
1291,2024,27,354,12,9.0,9,9,9,36,35,33,2,11,0
1292,2024,27,73,13,9.0,10,3,14,33,53,39,14,11,0
1293,2024,27,66,14,7.0,9,6,12,33,33,39,-6,11,0
1294,2024,27,563,15,7.0,9,6,12,33,32,47,-15,11,0
1295,2024,27,62,16,9.0,7,11,9,32,30,34,-4,11,0
1296,2024,27,76,17,6.0,6,4,17,22,37,56,-19,11,0
1297,2024,27,349,18,1.0,3,8,16,17,26,57,-31,11,0
1298,2024,27,338,19,3.0,4,5,18,17,25,61,-36,11,0
1299,2024,27,340,20,3.0,2,3,22,9,19,65,-46,11,0
1300,2024,28,64,1,13.0,21,6,1,69,67,25,42,10,1
1301,2024,28,57,2,8.0,15,10,3,55,52,24,28,10,0
1302,2024,28,351,3,7.0,15,6,7,51,45,33,12,10,0
1303,2024,28,61,4,9.0,14,7,7,49,53,36,17,10,0
1304,2024,28,65,5,6.0,14,5,9,47,53,38,15,10,0
1305,2024,28,67,6,6.0,14,5,9,47,47,38,9,10,0
1306,2024,28,397,7,12.0,12,10,6,46,46,40,6,10,0
1307,2024,28,1044,8,4.0,12,8,8,44,47,34,13,10,0
1308,2024,28,58,9,7.0,12,8,8,44,39,43,-4,10,0
1309,2024,28,63,10,9.0,11,9,8,42,41,38,3,10,0
1310,2024,28,354,11,12.0,10,9,9,39,36,33,3,10,0
1311,2024,28,402,12,7.0,11,5,12,38,48,44,4,10,0
1312,2024,28,73,13,10.0,10,4,14,34,55,41,14,10,0
1313,2024,28,66,14,5.0,9,7,12,34,34,40,-6,10,0
1314,2024,28,62,15,7.0,7,12,9,33,31,35,-4,10,0
1315,2024,28,563,16,6.0,9,6,13,33,32,48,-16,10,0
1316,2024,28,76,17,7.0,6,5,17,23,38,57,-19,10,0
1317,2024,28,349,18,1.0,3,8,17,17,26,58,-32,10,0
1318,2024,28,338,19,0.0,4,5,19,17,25,62,-37,10,0
1319,2024,28,340,20,3.0,2,3,23,9,20,68,-48,10,0
1320,2024,29,64,1,13.0,21,7,1,70,69,27,42,9,1
1321,2024,29,57,2,8.0,16,10,3,58,53,24,29,9,0
1322,2024,29,351,3,7.0,16,6,7,54,49,35,14,9,0
1323,2024,29,67,4,9.0,15,5,9,50,52,38,14,9,0
1324,2024,29,61,5,6.0,14,7,8,49,53,37,16,9,0
1325,2024,29,65,6,7.0,14,6,9,48,55,40,15,9,0
1326,2024,29,397,7,13.0,12,11,6,47,48,42,6,9,0
1327,2024,29,63,8,9.0,12,9,8,45,43,38,5,9,0
1328,2024,29,58,9,8.0,12,9,8,45,41,45,-4,9,0
1329,2024,29,1044,10,4.0,12,8,9,44,48,36,12,9,0
1330,2024,29,402,11,10.0,12,5,12,41,50,45,5,9,0
1331,2024,29,354,12,9.0,10,9,10,39,36,38,-2,9,0
1332,2024,29,66,13,8.0,10,7,12,37,37,40,-3,9,0
1333,2024,29,73,14,7.0,10,4,15,34,55,43,12,9,0
1334,2024,29,62,15,7.0,7,13,9,34,32,36,-4,9,0
1335,2024,29,563,16,7.0,9,7,13,34,33,49,-16,9,0
1336,2024,29,76,17,7.0,7,5,17,26,40,58,-18,9,0
1337,2024,29,349,18,1.0,3,8,18,17,28,62,-34,9,0
1338,2024,29,338,19,0.0,4,5,20,17,25,65,-40,9,0
1339,2024,29,340,20,0.0,2,3,24,9,21,70,-49,9,0
1340,2024,30,64,1,13.0,22,7,1,73,70,27,43,8,1
1341,2024,30,57,2,8.0,17,10,3,61,55,25,30,8,0
1342,2024,30,351,3,10.0,17,6,7,57,50,35,15,8,0
1343,2024,30,67,4,12.0,16,5,9,53,54,39,15,8,0
1344,2024,30,61,5,9.0,15,7,8,52,54,37,17,8,0
1345,2024,30,65,6,7.0,15,6,9,51,57,40,17,8,0
1346,2024,30,58,7,10.0,13,9,8,48,44,45,-1,8,0
1347,2024,30,397,8,10.0,12,11,7,47,48,45,3,8,0
1348,2024,30,63,9,6.0,12,9,9,45,44,40,4,8,0
1349,2024,30,1044,10,1.0,12,8,10,44,49,38,11,8,0
1350,2024,30,402,11,7.0,12,5,13,41,51,47,4,8,0
1351,2024,30,354,12,10.0,10,10,10,40,37,39,-2,8,0
1352,2024,30,66,13,8.0,10,7,13,37,37,41,-4,8,0
1353,2024,30,73,14,4.0,10,4,16,34,55,44,11,8,0
1354,2024,30,62,15,4.0,7,13,10,34,32,37,-5,8,0
1355,2024,30,563,16,7.0,9,7,14,34,33,50,-17,8,0
1356,2024,30,76,17,10.0,8,5,17,29,41,58,-17,8,0
1357,2024,30,349,18,3.0,4,8,18,20,30,63,-33,8,0
1358,2024,30,338,19,0.0,4,5,21,17,25,67,-42,8,0
1359,2024,30,340,20,1.0,2,4,24,10,22,71,-49,8,0
1360,2024,31,64,1,12.0,22,7,2,73,72,30,42,7,1
1361,2024,31,57,2,9.0,17,11,3,62,56,26,30,7,0
1362,2024,31,351,3,10.0,17,6,8,57,51,37,14,7,0
1363,2024,31,67,4,12.0,17,5,9,56,57,39,18,7,0
1364,2024,31,61,5,10.0,15,8,8,53,54,37,17,7,0
1365,2024,31,65,6,8.0,15,7,9,52,57,40,17,7,0
1366,2024,31,58,7,12.0,14,9,8,51,46,46,0,7,0
1367,2024,31,63,8,9.0,13,9,9,48,47,42,5,7,0
1368,2024,31,397,9,7.0,12,11,8,47,49,47,2,7,0
1369,2024,31,1044,10,2.0,12,9,10,45,51,40,11,7,0
1370,2024,31,354,11,10.0,11,10,10,43,39,40,-1,7,0
1371,2024,31,402,12,5.0,12,6,13,42,51,47,4,7,0
1372,2024,31,66,13,8.0,10,8,13,38,37,41,-4,7,0
1373,2024,31,73,14,4.0,11,4,16,37,58,45,13,7,0
1374,2024,31,62,15,4.0,7,14,10,35,33,38,-5,7,0
1375,2024,31,563,16,5.0,9,8,14,35,35,52,-17,7,0
1376,2024,31,76,17,10.0,9,5,17,32,43,59,-16,7,0
1377,2024,31,349,18,3.0,4,8,19,20,31,65,-34,7,0
1378,2024,31,338,19,0.0,4,5,22,17,25,70,-45,7,0
1379,2024,31,340,20,1.0,2,4,25,10,23,74,-51,7,0
1380,2024,32,64,1,12.0,23,7,2,76,74,31,43,6,1
1381,2024,32,57,2,9.0,17,12,3,63,57,27,30,6,0
1382,2024,32,67,3,15.0,18,5,9,59,61,40,21,6,0
1383,2024,32,351,4,9.0,17,6,9,57,51,38,13,6,0
1384,2024,32,65,5,8.0,16,7,9,55,62,42,20,6,0
1385,2024,32,61,6,8.0,15,9,8,54,56,39,17,6,0
1386,2024,32,58,7,12.0,15,9,8,54,49,46,3,6,0
1387,2024,32,1044,8,5.0,13,9,10,48,52,40,12,6,0
1388,2024,32,63,9,6.0,13,9,10,48,47,43,4,6,0
1389,2024,32,397,10,5.0,12,12,8,48,51,49,2,6,0
1390,2024,32,402,11,5.0,12,7,13,43,52,48,4,6,0
1391,2024,32,354,12,7.0,11,10,11,43,41,45,-4,6,0
1392,2024,32,62,13,6.0,8,14,10,38,34,38,-4,6,0
1393,2024,32,66,14,5.0,10,8,14,38,38,45,-7,6,0
1394,2024,32,73,15,4.0,11,4,17,37,60,49,11,6,0
1395,2024,32,76,16,13.0,10,5,17,35,47,61,-14,6,0
1396,2024,32,563,17,2.0,9,8,15,35,36,54,-18,6,0
1397,2024,32,349,18,4.0,4,9,19,21,33,67,-34,6,0
1398,2024,32,338,19,1.0,4,6,22,18,27,72,-45,6,0
1399,2024,32,340,20,1.0,2,4,26,10,23,77,-54,6,0
1400,2024,33,64,1,12.0,24,7,2,79,75,31,44,5,1
1401,2024,33,57,2,11.0,18,12,3,66,61,27,34,5,0
1402,2024,33,351,3,9.0,18,6,9,60,53,39,14,5,0
1403,2024,33,67,4,12.0,18,5,10,59,62,44,18,5,0
1404,2024,33,65,5,11.0,17,7,9,58,64,42,22,5,0
1405,2024,33,61,6,8.0,16,9,8,57,58,40,18,5,0
1406,2024,33,58,7,15.0,16,9,8,57,53,47,6,5,0
1407,2024,33,1044,8,5.0,13,10,10,49,52,40,12,5,0
1408,2024,33,63,9,6.0,13,9,11,48,48,45,3,5,0
1409,2024,33,397,10,2.0,12,12,9,48,53,53,0,5,0
1410,2024,33,402,11,8.0,13,7,13,46,56,50,6,5,0
1411,2024,33,354,12,5.0,11,11,11,44,41,45,-4,5,0
1412,2024,33,62,13,5.0,8,14,11,38,34,40,-6,5,0
1413,2024,33,66,14,4.0,10,8,15,38,38,46,-8,5,0
1414,2024,33,76,15,15.0,11,5,17,38,48,61,-13,5,0
1415,2024,33,73,16,3.0,11,4,18,37,61,51,10,5,0
1416,2024,33,563,17,3.0,9,9,15,36,37,55,-18,5,0
1417,2024,33,349,18,4.0,4,9,20,21,33,71,-38,5,0
1418,2024,33,338,19,1.0,4,6,23,18,27,73,-46,5,0
1419,2024,33,340,20,2.0,2,5,26,11,24,78,-54,5,0
1420,2024,34,64,1,12.0,25,7,2,82,80,32,48,4,1
1421,2024,34,57,2,9.0,18,13,3,67,63,29,34,4,0
1422,2024,34,67,3,12.0,19,5,10,62,65,44,21,4,0
1423,2024,34,65,4,13.0,18,7,9,61,66,43,23,4,0
1424,2024,34,61,5,11.0,17,9,8,60,59,40,19,4,0
1425,2024,34,351,6,6.0,18,6,10,60,53,41,12,4,0
1426,2024,34,58,7,12.0,16,9,9,57,54,49,5,4,0
1427,2024,34,63,8,6.0,14,9,11,51,50,46,4,4,0
1428,2024,34,397,9,4.0,13,12,9,51,56,55,1,4,0
1429,2024,34,1044,10,6.0,13,11,10,50,53,41,12,4,0
1430,2024,34,402,11,8.0,14,7,13,49,58,50,8,4,0
1431,2024,34,354,12,5.0,11,12,11,45,43,47,-4,4,0
1432,2024,34,76,13,15.0,12,5,17,41,51,61,-10,4,0
1433,2024,34,66,14,2.0,10,9,15,39,39,47,-8,4,0
1434,2024,34,62,15,4.0,8,14,12,38,34,41,-7,4,0
1435,2024,34,73,16,3.0,11,4,19,37,62,56,6,4,0
1436,2024,34,563,17,2.0,9,9,16,36,39,58,-19,4,0
1437,2024,34,349,18,4.0,4,9,21,21,33,74,-41,4,0
1438,2024,34,338,19,1.0,4,6,24,18,27,76,-49,4,0
1439,2024,34,340,20,2.0,2,5,27,11,25,80,-55,4,0
1440,2024,35,64,1,9.0,25,7,3,82,81,35,46,3,1
1441,2024,35,57,2,6.0,18,13,4,67,64,31,33,3,0
1442,2024,35,65,3,13.0,19,7,9,64,67,43,24,3,0
1443,2024,35,67,4,10.0,19,6,10,63,66,45,21,3,0
1444,2024,35,61,5,11.0,18,9,8,63,62,41,21,3,0
1445,2024,35,351,6,4.0,18,7,10,61,54,42,12,3,0
1446,2024,35,58,7,12.0,17,9,9,60,55,49,6,3,0
1447,2024,35,1044,8,9.0,14,11,10,53,55,42,13,3,0
1448,2024,35,402,9,11.0,15,7,13,52,62,53,9,3,0
1449,2024,35,397,10,5.0,13,13,9,52,57,56,1,3,0
1450,2024,35,63,11,6.0,14,9,12,51,50,47,3,3,0
1451,2024,35,354,12,3.0,11,13,11,46,44,48,-4,3,0
1452,2024,35,76,13,12.0,12,5,18,41,51,62,-11,3,0
1453,2024,35,62,14,5.0,8,15,12,39,36,43,-7,3,0
1454,2024,35,66,15,2.0,10,9,16,39,42,51,-9,3,0
1455,2024,35,73,16,4.0,11,5,19,38,63,57,6,3,0
1456,2024,35,563,17,3.0,9,10,16,37,40,59,-19,3,0
1457,2024,35,349,18,2.0,4,10,21,22,35,76,-41,3,0
1458,2024,35,338,19,4.0,5,6,24,21,29,76,-47,3,0
1459,2024,35,340,20,1.0,2,5,28,11,25,82,-57,3,0
1460,2024,36,64,1,10.0,25,8,3,83,83,37,46,2,1
1461,2024,36,57,2,6.0,18,14,4,68,66,33,33,2,0
1462,2024,36,67,3,10.0,20,6,10,66,68,45,23,2,0
1463,2024,36,65,4,13.0,19,8,9,65,67,43,24,2,0
1464,2024,36,61,5,10.0,18,9,9,63,62,43,19,2,0
1465,2024,36,58,6,12.0,18,9,9,63,56,49,7,2,0
1466,2024,36,351,7,5.0,18,8,10,62,56,44,12,2,0
1467,2024,36,402,8,13.0,16,7,13,55,63,53,10,2,0
1468,2024,36,397,9,8.0,14,13,9,55,59,56,3,2,0
1469,2024,36,1044,10,8.0,14,11,11,53,55,43,12,2,0
1470,2024,36,63,11,3.0,14,9,13,51,51,50,1,2,0
1471,2024,36,354,12,6.0,12,13,11,49,46,48,-2,2,0
1472,2024,36,62,13,7.0,9,15,12,42,39,44,-5,2,0
1473,2024,36,76,14,9.0,12,5,19,41,51,64,-13,2,0
1474,2024,36,563,15,5.0,10,10,16,40,42,59,-17,2,0
1475,2024,36,66,16,1.0,10,9,17,39,42,53,-11,2,0
1476,2024,36,73,17,1.0,11,5,20,38,63,59,4,2,0
1477,2024,36,349,18,2.0,4,10,22,22,35,77,-42,2,0
1478,2024,36,338,19,5.0,5,7,24,22,31,78,-47,2,0
1479,2024,36,340,20,2.0,2,6,28,12,25,82,-57,2,0
1480,2024,37,64,1,7.0,25,8,4,83,85,40,45,1,1
1481,2024,37,57,2,8.0,19,14,4,71,67,33,34,1,0
1482,2024,37,65,3,13.0,20,8,9,68,70,44,26,1,0
1483,2024,37,67,4,7.0,20,6,11,66,68,46,22,1,0
1484,2024,37,61,5,12.0,19,9,9,66,63,43,20,1,0
1485,2024,37,58,6,12.0,19,9,9,66,58,49,9,1,0
1486,2024,37,351,7,8.0,19,8,10,65,58,45,13,1,0
1487,2024,37,397,8,10.0,15,13,9,58,62,58,4,1,0
1488,2024,37,402,9,12.0,16,7,14,55,65,56,9,1,0
1489,2024,37,63,10,6.0,15,9,13,54,54,52,2,1,0
1490,2024,37,1044,11,5.0,14,11,12,53,56,46,10,1,0
1491,2024,37,354,12,9.0,13,13,11,52,50,50,0,1,0
1492,2024,37,62,13,7.0,10,15,12,45,41,44,-3,1,0
1493,2024,37,76,14,6.0,12,5,20,41,53,68,-15,1,0
1494,2024,37,563,15,5.0,10,10,17,40,43,61,-18,1,0
1495,2024,37,66,16,1.0,10,9,18,39,42,54,-12,1,0
1496,2024,37,73,17,1.0,11,5,21,38,63,61,2,1,0
1497,2024,37,338,18,7.0,6,7,24,25,33,78,-45,1,0
1498,2024,37,349,19,1.0,4,10,23,22,35,79,-44,1,0
1499,2024,37,340,20,2.0,2,6,29,12,25,84,-59,1,0
1500,2024,38,64,1,5.0,25,9,4,84,86,41,45,0,1
1501,2024,38,57,2,8.0,20,14,4,74,69,34,35,0,0
1502,2024,38,65,3,13.0,21,8,9,71,72,44,28,0,0
1503,2024,38,61,4,12.0,20,9,9,69,64,43,21,0,0
1504,2024,38,67,5,7.0,20,6,12,66,68,47,21,0,0
1505,2024,38,58,6,9.0,19,9,10,66,58,51,7,0,0
1506,2024,38,351,7,5.0,19,8,11,65,58,46,12,0,0
1507,2024,38,397,8,13.0,16,13,9,61,66,59,7,0,0
1508,2024,38,1044,9,7.0,15,11,12,56,58,46,12,0,0
1509,2024,38,402,10,10.0,16,8,14,56,66,57,9,0,0
1510,2024,38,63,11,6.0,15,9,14,54,54,54,0,0,0
1511,2024,38,354,12,9.0,13,14,11,53,51,51,0,0,0
1512,2024,38,62,13,10.0,11,15,12,48,42,44,-2,0,0
1513,2024,38,563,14,7.0,11,10,17,43,46,62,-16,0,0
1514,2024,38,66,15,4.0,11,9,18,42,44,54,-10,0,0
1515,2024,38,76,16,4.0,12,6,20,42,54,69,-15,0,0
1516,2024,38,73,17,1.0,11,5,22,38,64,65,-1,0,0
1517,2024,38,338,18,7.0,6,7,25,25,33,80,-47,0,0
1518,2024,38,349,19,1.0,4,10,24,22,36,82,-46,0,0
1519,2024,38,340,20,1.0,2,6,30,12,26,86,-60,0,0
