season,gameweek,teamID,position,form,won,draw,lost,points,goalsFor,goalsAgainst,goalDifference
2023,1,67,1,W,1,0,0,3,5,1,4
2023,1,397,2,W,1,0,0,3,4,1,3
2023,1,65,3,W,1,0,0,3,3,0,3
2023,1,57,4,W,1,0,0,3,2,1,1
2023,1,63,5,W,1,0,0,3,1,0,1
2023,1,354,6,W,1,0,0,3,1,0,1
2023,1,66,7,W,1,0,0,3,1,0,1
2023,1,402,8,D,0,1,0,1,2,2,0
2023,1,73,9,D,0,1,0,1,2,2,0
2023,1,1044,10,D,0,1,0,1,1,1,0
2023,1,563,11,D,0,1,0,1,1,1,0
2023,1,61,12,D,0,1,0,1,1,1,0
2023,1,64,13,D,0,1,0,1,1,1,0
2023,1,351,14,L,0,0,1,0,1,2,-1
2023,1,62,15,L,0,0,1,0,0,1,-1
2023,1,356,16,L,0,0,1,0,0,1,-1
2023,1,76,17,L,0,0,1,0,0,1,-1
2023,1,389,18,L,0,0,1,0,1,4,-3
2023,1,328,19,L,0,0,1,0,0,3,-3
2023,1,58,20,L,0,0,1,0,1,5,-4
2023,2,397,1,"W,W",2,0,0,6,8,2,6
2023,2,65,2,"W,W",2,0,0,6,4,0,4
2023,2,57,3,"W,W",2,0,0,6,3,1,2
2023,2,402,4,"W,D",1,1,0,4,5,2,3
2023,2,563,5,"W,D",1,1,0,4,4,2,2
2023,2,73,6,"W,D",1,1,0,4,4,2,2
2023,2,64,7,"W,D",1,1,0,4,4,2,2
2023,2,67,8,"L,W",1,0,1,3,5,2,3
2023,2,58,9,"W,L",1,0,1,3,5,5,0
2023,2,351,10,"W,L",1,0,1,3,3,3,0
2023,2,354,11,"L,W",1,0,1,3,1,1,0
2023,2,66,12,"L,W",1,0,1,3,1,2,-1
2023,2,328,13,"W,L",1,0,1,3,2,4,-2
2023,2,63,14,"L,W",1,0,1,3,1,3,-2
2023,2,1044,15,"L,D",0,1,1,1,2,4,-2
2023,2,61,16,"L,D",0,1,1,1,2,4,-2
2023,2,356,17,"L,L",0,0,2,0,1,3,-2
2023,2,389,18,"L,L",0,0,2,0,2,6,-4
2023,2,76,19,"L,L",0,0,2,0,1,5,-4
2023,2,62,20,"L,L",0,0,2,0,0,5,-5
2023,3,65,1,"W,W,W",3,0,0,9,6,1,5
2023,3,563,2,"W,W,D",2,1,0,7,7,3,4
2023,3,73,3,"W,W,D",2,1,0,7,6,2,4
2023,3,64,4,"W,W,D",2,1,0,7,6,3,3
2023,3,57,5,"D,W,W",2,1,0,7,5,3,2
2023,3,397,6,"L,W,W",2,0,1,6,9,5,4
2023,3,58,7,"W,W,L",2,0,1,6,8,6,2
2023,3,66,8,"W,L,W",2,0,1,6,4,4,0
2023,3,402,9,"D,W,D",1,2,0,5,6,3,3
2023,3,61,10,"W,L,D",1,1,1,4,5,4,1
2023,3,354,11,"D,L,W",1,1,1,4,2,2,0
2023,3,63,12,"D,L,W",1,1,1,4,3,5,-2
2023,3,67,13,"L,L,W",1,0,2,3,6,4,2
2023,3,351,14,"L,W,L",1,0,2,3,5,6,-1
2023,3,76,15,"W,L,L",1,0,2,3,2,5,-3
2023,3,328,16,"W,L,L",1,0,2,3,3,7,-4
2023,3,1044,17,"L,L,D",0,1,2,1,2,6,-4
2023,3,356,18,"L,L,L",0,0,3,0,2,5,-3
2023,3,62,19,"L,L,L",0,0,3,0,0,6,-6
2023,3,389,20,"L,L,L",0,0,3,0,2,9,-7
2023,4,65,1,"W,W,W,W",4,0,0,12,11,2,9
2023,4,73,2,"W,W,W,D",3,1,0,10,11,4,7
2023,4,64,3,"W,W,W,D",3,1,0,10,9,3,6
2023,4,563,4,"W,W,W,D",3,1,0,10,9,4,5
2023,4,57,5,"W,D,W,W",3,1,0,10,8,4,4
2023,4,397,6,"W,L,W,W",3,0,1,9,12,6,6
2023,4,354,7,"W,D,L,W",2,1,1,7,5,4,1
2023,4,402,8,"D,D,W,D",1,3,0,6,8,5,3
2023,4,351,9,"W,L,W,L",2,0,2,6,6,6,0
2023,4,58,10,"L,W,W,L",2,0,2,6,8,9,-1
2023,4,66,11,"L,W,L,W",2,0,2,6,5,7,-2
2023,4,61,12,"L,W,L,D",1,1,2,4,5,5,0
2023,4,63,13,"L,D,L,W",1,1,2,4,4,10,-6
2023,4,67,14,"L,L,L,W",1,0,3,3,7,7,0
2023,4,76,15,"L,W,L,L",1,0,3,3,4,8,-4
2023,4,328,16,"W,L,L,L",1,0,3,3,5,12,-7
2023,4,1044,17,"D,L,L,D",0,2,2,2,4,8,-4
2023,4,356,18,"D,L,L,L",0,1,3,1,4,7,-3
2023,4,62,19,"D,L,L,L",0,1,3,1,2,8,-6
2023,4,389,20,"L,L,L,L",0,0,4,0,3,11,-8
2023,5,65,1,"W,W,W,W,W",5,0,0,15,14,3,11
2023,5,73,2,"W,W,W,W,D",4,1,0,13,13,5,8
2023,5,64,3,"W,W,W,W,D",4,1,0,13,12,4,8
2023,5,57,4,"W,W,D,W,W",4,1,0,13,9,4,5
2023,5,397,5,"W,W,L,W,W",4,0,1,12,15,7,8
2023,5,563,6,"L,W,W,W,D",3,1,1,10,10,7,3
2023,5,58,7,"W,L,W,W,L",3,0,2,9,11,10,1
2023,5,351,8,"D,W,L,W,L",2,1,2,7,7,7,0
2023,5,354,9,"L,W,D,L,W",2,1,2,7,6,7,-1
2023,5,63,10,"W,L,D,L,W",2,1,2,7,5,10,-5
2023,5,402,11,"L,D,D,W,D",1,3,1,6,8,6,2
2023,5,67,12,"W,L,L,L,W",2,0,3,6,8,7,1
2023,5,66,13,"L,L,W,L,W",2,0,3,6,6,10,-4
2023,5,61,14,"D,L,W,L,D",1,2,2,5,5,5,0
2023,5,328,15,"W,D,L,L,L",1,1,3,4,6,13,-7
2023,5,1044,16,"D,D,L,L,D",0,3,2,3,4,8,-4
2023,5,76,17,"L,L,W,L,L",1,0,4,3,5,11,-6
2023,5,356,18,"L,D,L,L,L",0,1,4,1,5,9,-4
2023,5,62,19,"L,D,L,L,L",0,1,4,1,2,9,-7
2023,5,389,20,"L,L,L,L,L",0,0,5,0,3,12,-9
2023,6,65,1,"W,W,W,W,W",6,0,0,18,16,3,13
2023,6,64,2,"W,W,W,W,W",5,1,0,16,15,5,10
2023,6,397,3,"W,W,W,L,W",5,0,1,15,18,8,10
2023,6,73,4,"D,W,W,W,W",4,2,0,14,15,7,8
2023,6,57,5,"D,W,W,D,W",4,2,0,14,11,6,5
2023,6,58,6,"W,W,L,W,W",4,0,2,12,12,10,2
2023,6,563,7,"L,L,W,W,W",3,1,2,10,11,10,1
2023,6,67,8,"W,W,L,L,L",3,0,3,9,16,7,9
2023,6,66,9,"W,L,L,W,L",3,0,3,9,7,10,-3
2023,6,354,10,"D,L,W,D,L",2,2,2,8,6,7,-1
2023,6,63,11,"D,W,L,D,L",2,2,2,8,5,10,-5
2023,6,351,12,"L,D,W,L,W",2,1,3,7,7,9,-2
2023,6,402,13,"L,L,D,D,W",1,3,2,6,9,9,0
2023,6,61,14,"L,D,L,W,L",1,2,3,5,5,6,-1
2023,6,62,15,"W,L,D,L,L",1,1,4,4,5,10,-5
2023,6,76,16,"D,L,L,W,L",1,1,4,4,6,12,-6
2023,6,328,17,"W,L,D,L,L",1,1,4,4,6,14,-8
2023,6,1044,18,"L,D,D,L,L",0,3,3,3,5,11,-6
2023,6,389,19,"L,D,L,L,L",0,1,5,1,4,13,-9
2023,6,356,20,"L,L,D,L,L",0,1,5,1,5,17,-12
2023,7,65,1,"L,W,W,W,W",6,0,1,18,17,5,12
2023,7,73,2,"W,D,W,W,W",5,2,0,17,17,8,9
2023,7,57,3,"W,D,W,W,D",5,2,0,17,15,6,9
2023,7,64,4,"L,W,W,W,W",5,1,1,16,16,7,9
2023,7,58,5,"W,W,W,L,W",5,0,2,15,18,11,7
2023,7,397,6,"L,W,W,W,L",5,0,2,15,19,14,5
2023,7,563,7,"W,L,L,W,W",4,1,2,13,13,10,3
2023,7,67,8,"W,W,W,L,L",4,0,3,12,18,7,11
2023,7,354,9,"W,D,L,W,D",3,2,2,11,7,7,0
2023,7,66,10,"L,W,L,L,W",3,0,4,9,7,11,-4
2023,7,61,11,"W,L,D,L,W",2,2,3,8,7,6,1
2023,7,351,12,"D,L,D,W,L",2,2,3,8,8,10,-2
2023,7,63,13,"L,D,W,L,D",2,2,3,8,5,12,-7
2023,7,402,14,"D,L,L,D,D",1,4,2,7,10,10,0
2023,7,76,15,"W,D,L,L,W",2,1,4,7,8,13,-5
2023,7,62,16,"L,W,L,D,L",1,1,5,4,6,12,-6
2023,7,389,17,"L,W,D,L,L",1,1,5,4,6,14,-8
2023,7,328,18,"W,L,L,D,L",1,1,5,4,6,16,-10
2023,7,1044,19,"L,L,D,D,L",0,3,4,3,5,15,-10
2023,7,356,20,"L,L,L,D,L",0,1,6,1,5,19,-14
2023,8,73,1,"W,W,D,W,W",6,2,0,20,18,8,10
2023,8,57,2,"W,W,D,W,W",6,2,0,20,16,6,10
2023,8,65,3,"L,L,W,W,W",6,0,2,18,17,6,11
2023,8,64,4,"D,L,W,W,W",5,2,1,17,18,9,9
2023,8,58,5,"D,W,W,W,L",5,1,2,16,19,12,7
2023,8,397,6,"D,L,W,W,W",5,1,2,16,21,16,5
2023,8,563,7,"D,W,L,L,W",4,2,2,14,15,12,3
2023,8,67,8,"D,W,W,W,L",4,1,3,13,20,9,11
2023,8,354,9,"D,W,D,L,W",3,3,2,12,7,7,0
2023,8,66,10,"W,L,W,L,L",4,0,4,12,9,12,-3
2023,8,61,11,"W,W,L,D,L",3,2,3,11,11,7,4
2023,8,63,12,"W,L,D,W,L",3,2,3,11,8,13,-5
2023,8,351,13,"D,D,L,D,W",2,3,3,9,8,10,-2
2023,8,76,14,"D,W,D,L,L",2,2,4,8,9,14,-5
2023,8,402,15,"L,D,L,L,D",1,4,3,7,11,12,-1
2023,8,62,16,"W,L,W,L,D",2,1,5,7,9,12,-3
2023,8,389,17,"L,L,W,D,L",1,1,6,4,6,15,-9
2023,8,328,18,"L,W,L,L,D",1,1,6,4,7,20,-13
2023,8,1044,19,"L,L,L,D,D",0,3,5,3,5,18,-13
2023,8,356,20,"L,L,L,L,D",0,1,7,1,6,22,-16
2023,9,73,1,"W,W,W,D,W",7,2,0,23,20,8,12
2023,9,65,2,"W,L,L,W,W",7,0,2,21,19,7,12
2023,9,57,3,"D,W,W,D,W",6,3,0,21,18,8,10
2023,9,64,4,"W,D,L,W,W",6,2,1,20,20,9,11
2023,9,58,5,"W,D,W,W,W",6,1,2,19,23,13,10
2023,9,67,6,"W,D,W,W,W",5,1,3,16,24,9,15
2023,9,397,7,"L,D,L,W,W",5,1,3,16,22,18,4
2023,9,66,8,"W,W,L,W,L",5,0,4,15,11,13,-2
2023,9,563,9,"L,D,W,L,L",4,2,3,14,16,16,0
2023,9,61,10,"D,W,W,L,D",3,3,3,12,13,9,4
2023,9,354,11,"L,D,W,D,L",3,3,3,12,7,11,-4
2023,9,76,12,"W,D,W,D,L",3,2,4,11,11,15,-4
2023,9,63,13,"L,W,L,D,W",3,2,4,11,8,15,-7
2023,9,402,14,"W,L,D,L,L",2,4,3,10,14,12,2
2023,9,351,15,"D,D,D,L,D",2,4,3,10,10,12,-2
2023,9,62,16,"L,W,L,W,L",2,1,6,7,9,14,-5
2023,9,389,17,"D,L,L,W,D",1,2,6,5,8,17,-9
2023,9,328,18,"L,L,W,L,L",1,1,7,4,7,23,-16
2023,9,1044,19,"L,L,L,L,D",0,3,6,3,6,20,-14
2023,9,356,20,"L,L,L,L,L",0,1,8,1,7,24,-17
2023,10,73,1,"W,W,W,W,D",8,2,0,26,22,9,13
2023,10,57,2,"W,D,W,W,D",7,3,0,24,23,8,15
2023,10,65,3,"W,W,L,L,W",8,0,2,24,22,7,15
2023,10,64,4,"W,W,D,L,W",7,2,1,23,23,9,14
2023,10,58,5,"W,W,D,W,W",7,1,2,22,26,14,12
2023,10,67,6,"D,W,D,W,W",5,2,3,17,26,11,15
2023,10,397,7,"D,L,D,L,W",5,2,3,17,23,19,4
2023,10,66,8,"L,W,W,L,W",5,0,5,15,11,16,-5
2023,10,563,9,"L,L,D,W,L",4,2,4,14,16,17,-1
2023,10,402,10,"W,W,L,D,L",3,4,3,13,16,12,4
2023,10,61,11,"L,D,W,W,L",3,3,4,12,13,11,2
2023,10,76,12,"D,W,D,W,D",3,3,4,12,13,17,-4
2023,10,354,13,"L,L,D,W,D",3,3,4,12,8,13,-5
2023,10,63,14,"D,L,W,L,D",3,3,4,12,9,16,-7
2023,10,62,15,"W,L,W,L,W",3,1,6,10,10,14,-4
2023,10,351,16,"L,D,D,D,L",2,4,4,10,10,15,-5
2023,10,1044,17,"W,L,L,L,L",1,3,6,6,8,21,-13
2023,10,389,18,"L,D,L,L,W",1,2,7,5,9,20,-11
2023,10,328,19,"L,L,L,W,L",1,1,8,4,8,25,-17
2023,10,356,20,"L,L,L,L,L",0,1,9,1,7,29,-22
2023,11,65,1,"W,W,W,L,L",9,0,2,27,28,8,20
2023,11,73,2,"L,W,W,W,W",8,2,1,26,23,13,10
2023,11,64,3,"D,W,W,D,L",7,3,1,24,24,10,14
2023,11,57,4,"L,W,D,W,W",7,3,1,24,23,9,14
2023,11,58,5,"L,W,W,D,W",7,1,3,22,26,16,10
2023,11,67,6,"W,D,W,D,W",6,2,3,20,27,11,16
2023,11,397,7,"D,D,L,D,L",5,3,3,18,24,20,4
2023,11,66,8,"W,L,W,W,L",6,0,5,18,12,16,-4
2023,11,402,9,"W,W,W,L,D",4,4,3,16,19,14,5
2023,11,61,10,"W,L,D,W,W",4,3,4,15,17,12,5
2023,11,354,11,"W,L,L,D,W",4,3,4,15,10,13,-3
2023,11,563,12,"L,L,L,D,W",4,2,5,14,18,20,-2
2023,11,351,13,"W,L,D,D,D",3,4,4,13,12,15,-3
2023,11,76,14,"L,D,W,D,W",3,3,5,12,14,19,-5
2023,11,63,15,"L,D,L,W,L",3,3,5,12,9,17,-8
2023,11,62,16,"D,W,L,W,L",3,2,6,11,11,15,-4
2023,11,389,17,"D,L,D,L,L",1,3,7,6,10,21,-11
2023,11,1044,18,"L,W,L,L,L",1,3,7,6,9,27,-18
2023,11,328,19,"L,L,L,L,W",1,1,9,4,8,27,-19
2023,11,356,20,"W,L,L,L,L",1,1,9,4,9,30,-21
2023,12,65,1,"D,W,W,W,L",9,1,2,28,32,12,20
2023,12,64,2,"W,D,W,W,D",8,3,1,27,27,10,17
2023,12,57,3,"W,L,W,D,W",8,3,1,27,26,10,16
2023,12,73,4,"L,L,W,W,W",8,2,2,26,24,15,9
2023,12,58,5,"W,L,W,W,D",8,1,3,25,29,17,12
2023,12,66,6,"W,W,L,W,W",7,0,5,21,13,16,-3
2023,12,67,7,"L,W,D,W,D",6,2,4,20,27,13,14
2023,12,397,8,"D,D,D,L,D",5,4,3,19,25,21,4
2023,12,563,9,"W,L,L,L,D",5,2,5,17,21,22,-1
2023,12,61,10,"D,W,L,D,W",4,4,4,16,21,16,5
2023,12,402,11,"L,W,W,W,L",4,4,4,16,19,17,2
2023,12,76,12,"W,L,D,W,D",4,3,5,15,16,20,-4
2023,12,354,13,"L,W,L,L,D",4,3,5,15,12,16,-4
2023,12,62,14,"W,D,W,L,W",4,2,6,14,14,17,-3
2023,12,351,15,"L,W,L,D,D",3,4,5,13,14,18,-4
2023,12,63,16,"L,L,D,L,W",3,3,6,12,10,20,-10
2023,12,1044,17,"W,L,W,L,L",2,3,7,9,11,27,-16
2023,12,389,18,"L,D,L,D,L",1,3,8,6,10,22,-12
2023,12,356,19,"D,W,L,L,L",1,2,9,5,10,31,-21
2023,12,328,20,"L,L,L,L,L",1,1,10,4,9,30,-21
2023,13,57,1,"W,W,L,W,D",9,3,1,30,27,10,17
2023,13,65,2,"D,D,W,W,W",9,2,2,29,33,13,20
2023,13,64,3,"D,W,D,W,W",8,4,1,28,28,11,17
2023,13,58,4,"W,W,L,W,W",9,1,3,28,31,18,13
2023,13,73,5,"L,L,L,W,W",8,2,3,26,25,17,8
2023,13,66,6,"W,W,W,L,W",8,0,5,24,16,16,0
2023,13,67,7,"W,L,W,D,W",7,2,4,23,31,14,17
2023,13,397,8,"W,D,D,D,L",6,4,3,22,28,23,5
2023,13,563,9,"W,W,L,L,L",6,2,5,20,23,23,0
2023,13,61,10,"L,D,W,L,D",4,4,5,16,22,20,2
2023,13,402,11,"L,L,W,W,W",4,4,5,16,19,18,1
2023,13,76,12,"L,W,L,D,W",4,3,6,15,18,23,-5
2023,13,354,13,"L,L,W,L,L",4,3,6,15,13,18,-5
2023,13,63,14,"W,L,L,D,L",4,3,6,15,13,22,-9
2023,13,62,15,"L,W,D,W,L",4,2,7,14,14,20,-6
2023,13,351,16,"L,L,W,L,D",3,4,6,13,16,21,-5
2023,13,1044,17,"W,W,L,W,L",3,3,7,12,14,28,-14
2023,13,389,18,"W,L,D,L,D",2,3,8,9,12,23,-11
2023,13,356,19,"L,D,W,L,L",1,2,10,5,11,34,-23
2023,13,328,20,"L,L,L,L,L",1,1,11,4,10,32,-22
2023,14,57,1,"W,W,W,L,W",10,3,1,33,29,11,18
2023,14,64,2,"W,D,W,D,W",9,4,1,31,32,14,18
2023,14,65,3,"D,D,D,W,W",9,3,2,30,36,16,20
2023,14,58,4,"D,W,W,L,W",9,2,3,29,33,20,13
2023,14,73,5,"D,L,L,L,W",8,3,3,27,28,20,8
2023,14,67,6,"W,W,L,W,D",8,2,4,26,32,14,18
2023,14,66,7,"L,W,W,W,L",8,0,6,24,16,17,-1
2023,14,397,8,"L,W,D,D,D",6,4,4,22,30,26,4
2023,14,563,9,"D,W,W,L,L",6,3,5,21,24,24,0
2023,14,61,10,"W,L,D,W,L",5,4,5,19,25,22,3
2023,14,402,11,"W,L,L,W,W",5,4,5,19,22,19,3
2023,14,62,12,"W,L,W,D,W",5,2,7,17,15,20,-5
2023,14,354,13,"D,L,L,W,L",4,4,6,16,14,19,-5
2023,14,76,14,"L,L,W,L,D",4,3,7,15,19,25,-6
2023,14,63,15,"L,W,L,L,D",4,3,7,15,16,26,-10
2023,14,351,16,"L,L,L,W,L",3,4,7,13,16,22,-6
2023,14,1044,17,"D,W,W,L,W",3,4,7,13,16,30,-14
2023,14,389,18,"L,W,L,D,L",2,3,9,9,13,26,-13
2023,14,328,19,"W,L,L,L,L",2,1,11,7,15,32,-17
2023,14,356,20,"L,L,D,W,L",1,2,11,5,11,39,-28
2023,15,57,1,"W,W,W,W,L",11,3,1,36,33,14,19
2023,15,64,2,"W,W,D,W,D",10,4,1,34,34,14,20
2023,15,58,3,"W,D,W,W,L",10,2,3,32,34,20,14
2023,15,65,4,"L,D,D,D,W",9,3,3,30,36,17,19
2023,15,73,5,"L,D,L,L,L",8,3,4,27,29,22,7
2023,15,66,6,"W,L,W,W,W",9,0,6,27,18,18,0
2023,15,67,7,"L,W,W,L,W",8,2,5,26,32,17,15
2023,15,397,8,"W,L,W,D,D",7,4,4,25,32,27,5
2023,15,563,9,"W,D,W,W,L",7,3,5,24,26,25,1
2023,15,62,10,"W,W,L,W,D",6,2,7,20,18,20,-2
2023,15,61,11,"L,W,L,D,W",5,4,6,19,26,24,2
2023,15,402,12,"L,W,L,L,W",5,4,6,19,23,21,2
2023,15,63,13,"W,L,W,L,L",5,3,7,18,21,26,-5
2023,15,76,14,"W,L,L,W,L",5,3,7,18,20,25,-5
2023,15,354,15,"L,D,L,L,W",4,4,7,16,14,21,-7
2023,15,1044,16,"W,D,W,W,L",4,4,7,16,18,30,-12
2023,15,351,17,"L,L,L,L,W",3,4,8,13,16,27,-11
2023,15,389,18,"L,L,W,L,D",2,3,10,9,16,30,-14
2023,15,328,19,"L,W,L,L,L",2,1,12,7,15,33,-18
2023,15,356,20,"L,L,L,D,W",1,2,12,5,11,41,-30
2023,16,64,1,"W,W,W,D,W",11,4,1,37,36,15,21
2023,16,57,2,"L,W,W,W,W",11,3,2,36,33,15,18
2023,16,58,3,"W,W,D,W,W",11,2,3,35,35,20,15
2023,16,65,4,"W,L,D,D,D",10,3,3,33,38,18,20
2023,16,73,5,"W,L,D,L,L",9,3,4,30,33,23,10
2023,16,66,6,"L,W,L,W,W",9,0,7,27,18,21,-3
2023,16,67,7,"L,L,W,W,L",8,2,6,26,33,21,12
2023,16,397,8,"D,W,L,W,D",7,5,4,26,33,28,5
2023,16,563,9,"L,W,D,W,W",7,3,6,24,26,30,-4
2023,16,62,10,"W,W,W,L,W",7,2,7,23,20,20,0
2023,16,63,11,"W,W,L,W,L",6,3,7,21,26,26,0
2023,16,402,12,"L,L,W,L,L",5,4,7,19,23,22,1
2023,16,61,13,"L,L,W,L,D",5,4,7,19,26,26,0
2023,16,76,14,"D,W,L,L,W",5,4,7,19,21,26,-5
2023,16,1044,15,"W,W,D,W,W",5,4,7,19,21,30,-9
2023,16,354,16,"L,L,D,L,L",4,4,8,16,15,23,-8
2023,16,351,17,"D,L,L,L,L",3,5,8,14,17,28,-11
2023,16,389,18,"L,L,L,W,L",2,3,11,9,17,32,-15
2023,16,328,19,"D,L,W,L,L",2,2,12,8,16,34,-18
2023,16,356,20,"W,L,L,L,D",2,2,12,8,12,41,-29
2023,17,57,1,"W,L,W,W,W",12,3,2,39,35,15,20
2023,17,64,2,"D,W,W,W,D",11,5,1,38,36,15,21
2023,17,58,3,"W,W,W,D,W",12,2,3,38,37,21,16
2023,17,65,4,"D,W,L,D,D",10,4,3,34,40,20,20
2023,17,73,5,"W,W,L,D,L",10,3,4,33,35,23,12
2023,17,67,6,"W,L,L,W,W",9,2,6,29,36,21,15
2023,17,66,7,"D,L,W,L,W",9,1,7,28,18,21,-3
2023,17,563,8,"W,L,W,D,W",8,3,6,27,29,30,-1
2023,17,397,9,"L,D,W,L,W",7,5,5,26,33,30,3
2023,17,62,10,"W,W,W,W,L",8,2,7,26,22,20,2
2023,17,61,11,"W,L,L,W,L",6,4,7,22,28,26,2
2023,17,1044,12,"W,W,W,D,W",6,4,7,22,25,33,-8
2023,17,63,13,"L,W,W,L,W",6,3,8,21,26,29,-3
2023,17,402,14,"L,L,L,W,L",5,4,8,19,24,24,0
2023,17,76,15,"L,D,W,L,L",5,4,8,19,21,29,-8
2023,17,354,16,"D,L,L,D,L",4,5,8,17,17,25,-8
2023,17,351,17,"L,D,L,L,L",3,5,9,14,17,30,-13
2023,17,389,18,"L,L,L,L,W",2,3,12,9,20,36,-16
2023,17,328,19,"L,D,L,W,L",2,2,13,8,16,36,-20
2023,17,356,20,"L,W,L,L,L",2,2,13,8,12,43,-31
2023,18,57,1,"D,W,L,W,W",12,4,2,40,36,16,20
2023,18,64,2,"D,D,W,W,W",11,6,1,39,37,16,21
2023,18,58,3,"D,W,W,W,D",12,3,3,39,38,22,16
2023,18,65,4,"W,D,W,L,D",11,4,3,37,41,20,21
2023,18,73,5,"W,W,W,L,D",11,3,4,36,37,24,13
2023,18,563,6,"W,W,L,W,D",9,3,6,30,31,30,1
2023,18,67,7,"L,W,L,L,W",9,2,7,29,36,22,14
2023,18,66,8,"L,D,L,W,L",9,1,8,28,18,23,-5
2023,18,397,9,"D,L,D,W,L",7,6,5,27,34,31,3
2023,18,62,10,"L,W,W,W,W",8,2,8,26,23,22,1
2023,18,1044,11,"W,W,W,W,D",7,4,7,25,28,35,-7
2023,18,61,12,"L,W,L,L,W",6,4,8,22,29,28,1
2023,18,76,13,"W,L,D,W,L",6,4,8,22,23,30,-7
2023,18,63,14,"L,L,W,W,L",6,3,9,21,26,31,-5
2023,18,402,15,"L,L,L,L,W",5,4,9,19,24,25,-1
2023,18,354,16,"D,D,L,L,D",4,6,8,18,18,26,-8
2023,18,351,17,"L,L,D,L,L",3,5,10,14,19,33,-14
2023,18,389,18,"L,W,L,L,L",3,3,12,12,21,36,-15
2023,18,328,19,"W,L,D,L,W",3,2,13,11,18,36,-18
2023,18,356,20,"D,L,W,L,L",2,3,13,9,13,44,-31
2023,19,64,1,"W,D,D,W,W",12,6,1,42,39,16,23
2023,19,65,2,"W,W,D,W,L",12,4,3,40,44,21,23
2023,19,57,3,"L,D,W,L,W",12,4,3,40,36,18,18
2023,19,58,4,"L,D,W,W,W",12,3,4,39,40,25,15
2023,19,73,5,"L,W,W,W,L",11,3,5,36,39,28,11
2023,19,563,6,"W,W,W,L,W",10,3,6,33,33,30,3
2023,19,66,7,"W,L,D,L,W",10,1,8,31,21,25,-4
2023,19,397,8,"W,D,L,D,W",8,6,5,30,38,33,5
2023,19,67,9,"L,L,W,L,L",9,2,8,29,37,25,12
2023,19,1044,10,"W,W,W,W,W",8,4,7,28,31,35,-4
2023,19,62,11,"L,L,W,W,W",8,2,9,26,24,25,-1
2023,19,61,12,"W,L,W,L,L",7,4,8,25,31,29,2
2023,19,76,13,"W,W,L,D,W",7,4,8,25,27,31,-4
2023,19,63,14,"L,L,L,W,W",6,3,10,21,26,34,-8
2023,19,402,15,"L,L,L,L,L",5,4,10,19,25,29,-4
2023,19,354,16,"L,D,D,L,L",4,6,9,18,19,28,-9
2023,19,351,17,"W,L,L,D,L",4,5,10,17,22,34,-12
2023,19,389,18,"L,W,W,L,L",4,3,12,15,24,38,-14
2023,19,328,19,"L,W,L,D,L",3,2,14,11,18,38,-20
2023,19,356,20,"L,D,L,W,L",2,3,14,9,15,47,-32
2023,20,64,1,"W,W,D,D,W",13,6,1,45,43,18,25
2023,20,65,2,"W,W,W,D,W",13,4,3,43,46,21,25
2023,20,58,3,"W,L,D,W,W",13,3,4,42,43,27,16
2023,20,57,4,"L,L,D,W,L",12,4,4,40,37,20,17
2023,20,73,5,"W,L,W,W,W",12,3,5,39,42,29,13
2023,20,563,6,"D,W,W,W,L",10,4,6,34,33,30,3
2023,20,397,7,"D,W,D,L,D",8,7,5,31,38,33,5
2023,20,66,8,"L,W,L,D,L",10,1,9,31,22,27,-5
2023,20,67,9,"L,L,L,W,L",9,2,9,29,39,29,10
2023,20,61,10,"W,W,L,W,L",8,4,8,28,34,31,3
2023,20,76,11,"W,W,W,L,D",8,4,8,28,30,31,-1
2023,20,1044,12,"W,L,W,W,W",8,4,8,28,32,38,-6
2023,20,62,13,"L,L,L,W,W",8,2,10,26,24,28,-4
2023,20,63,14,"W,L,L,L,W",7,3,10,24,28,35,-7
2023,20,354,15,"W,L,D,D,L",5,6,9,21,22,29,-7
2023,20,351,16,"W,W,L,L,D",5,5,10,20,24,35,-11
2023,20,402,17,"L,L,L,L,L",5,4,11,19,26,32,-6
2023,20,389,18,"L,L,W,W,L",4,3,13,15,26,41,-15
2023,20,328,19,"L,L,W,L,D",3,2,15,11,20,41,-21
2023,20,356,20,"L,L,D,L,W",2,3,15,9,15,49,-34
2023,21,64,1,"W,W,W,D,D",14,6,1,48,47,18,29
2023,21,65,2,"W,W,W,W,D",14,4,3,46,49,23,26
2023,21,57,3,"W,L,L,D,W",13,4,4,43,42,20,22
2023,21,58,4,"D,W,L,D,W",13,4,4,43,43,27,16
2023,21,73,5,"D,W,L,W,W",12,4,5,40,44,31,13
2023,21,563,6,"D,D,W,W,W",10,5,6,35,35,32,3
2023,21,397,7,"D,D,W,D,L",8,8,5,32,38,33,5
2023,21,66,8,"D,L,W,L,D",10,2,9,32,24,29,-5
2023,21,61,9,"W,W,W,L,W",9,4,8,31,35,31,4
2023,21,67,10,"L,L,L,L,W",9,2,10,29,41,32,9
2023,21,76,11,"D,W,W,W,L",8,5,8,29,30,31,-1
2023,21,1044,12,"W,L,L,W,W",8,4,9,28,32,42,-10
2023,21,62,13,"D,L,L,L,W",8,3,10,27,24,28,-4
2023,21,63,14,"L,W,L,L,L",7,3,11,24,28,36,-8
2023,21,402,15,"L,W,L,L,L",6,4,11,22,29,34,-5
2023,21,354,16,"L,W,L,D,D",5,6,10,21,22,34,-12
2023,21,351,17,"L,W,W,L,L",5,5,11,20,26,38,-12
2023,21,389,18,"L,D,L,W,W",4,4,13,16,27,42,-15
2023,21,328,19,"D,L,L,W,L",3,3,15,12,21,42,-21
2023,21,356,20,"D,L,L,D,L",2,4,15,10,17,51,-34
2023,22,64,1,"W,W,W,W,D",15,6,1,51,51,19,32
2023,22,65,2,"W,W,W,W,W",15,4,3,49,52,24,28
2023,22,57,3,"W,W,L,L,D",14,4,4,46,44,21,23
2023,22,73,4,"W,D,W,L,W",13,4,5,43,47,33,14
2023,22,58,5,"L,D,W,L,D",13,4,5,43,44,30,14
2023,22,563,6,"D,D,D,W,W",10,6,6,36,36,33,3
2023,22,66,7,"W,D,L,W,L",11,2,9,35,28,32,-4
2023,22,67,8,"W,L,L,L,L",10,2,10,32,44,33,11
2023,22,397,9,"L,D,D,W,D",8,8,6,32,38,37,1
2023,22,61,10,"L,W,W,W,L",9,4,9,31,36,35,1
2023,22,76,11,"L,D,W,W,W",8,5,9,29,33,35,-2
2023,22,1044,12,"W,D,L,L,W",8,5,9,29,33,43,-10
2023,22,62,13,"D,D,L,L,L",8,4,10,28,24,28,-4
2023,22,63,14,"D,L,W,L,L",7,4,11,25,28,36,-8
2023,22,354,15,"W,L,W,L,D",6,6,10,24,25,36,-11
2023,22,402,16,"L,L,W,L,L",6,4,12,22,31,37,-6
2023,22,351,17,"L,L,W,W,L",5,5,12,20,27,40,-13
2023,22,389,18,"L,W,D,L,W",5,4,13,19,31,42,-11
2023,22,328,19,"L,D,L,L,W",3,3,16,12,22,45,-23
2023,22,356,20,"L,D,L,L,D",2,4,16,10,19,54,-35
2023,23,65,1,"W,W,W,W,W",16,4,3,52,55,25,30
2023,23,64,2,"L,W,W,W,W",15,6,2,51,52,22,30
2023,23,57,3,"W,W,W,L,L",15,4,4,49,47,22,25
2023,23,58,4,"W,L,D,W,L",14,4,5,46,49,30,19
2023,23,73,5,"D,W,D,W,L",13,5,5,44,49,35,14
2023,23,66,6,"W,W,D,L,W",12,2,9,38,31,32,-1
2023,23,563,7,"L,D,D,D,W",10,6,7,36,36,36,0
2023,23,397,8,"W,L,D,D,W",9,8,6,35,42,38,4
2023,23,67,9,"D,W,L,L,L",10,3,10,33,48,37,11
2023,23,76,10,"W,L,D,W,W",9,5,9,32,37,37,0
2023,23,61,11,"L,L,W,W,W",9,4,10,31,38,39,-1
2023,23,1044,12,"W,D,D,L,L",8,6,9,30,34,44,-10
2023,23,62,13,"D,D,D,L,L",8,5,10,29,26,30,-4
2023,23,63,14,"D,D,L,W,L",7,5,11,26,30,38,-8
2023,23,354,15,"L,W,L,W,L",6,6,11,24,26,40,-14
2023,23,402,16,"L,L,L,W,L",6,4,13,22,32,40,-8
2023,23,351,17,"D,L,L,W,W",5,6,12,21,28,41,-13
2023,23,389,18,"L,D,W,D,L",5,5,13,20,35,46,-11
2023,23,328,19,"D,L,D,L,L",3,4,16,13,24,47,-23
2023,23,356,20,"L,L,D,L,L",2,4,17,10,19,59,-40
2023,24,65,1,"W,W,W,W,W",17,4,3,55,57,25,32
2023,24,64,2,"W,L,W,W,W",16,6,2,54,55,23,32
2023,24,57,3,"W,W,W,W,L",16,4,4,52,53,22,31
2023,24,73,4,"W,D,W,D,W",14,5,5,47,51,36,15
2023,24,58,5,"L,W,L,D,W",14,4,6,46,50,32,18
2023,24,66,6,"W,W,W,D,L",13,2,9,41,33,33,0
2023,24,67,7,"W,D,W,L,L",11,3,10,36,51,39,12
2023,24,563,8,"L,L,D,D,D",10,6,8,36,36,42,-6
2023,24,397,9,"L,W,L,D,D",9,8,7,35,43,40,3
2023,24,61,10,"W,L,L,W,W",10,4,10,34,41,40,1
2023,24,76,11,"L,W,L,D,W",9,5,10,32,37,39,-2
2023,24,1044,12,"W,L,D,D,L",8,6,10,30,35,47,-12
2023,24,63,13,"W,D,D,L,W",8,5,11,29,33,39,-6
2023,24,62,14,"L,D,D,D,L",8,5,11,29,26,32,-6
2023,24,402,15,"L,W,L,L,W",7,4,13,25,34,40,-6
2023,24,354,16,"L,L,W,L,W",6,6,12,24,27,43,-16
2023,24,351,17,"L,D,L,L,W",5,6,13,21,30,44,-14
2023,24,389,18,"L,L,D,W,D",5,5,14,20,36,49,-13
2023,24,328,19,"L,D,L,D,L",3,4,17,13,25,50,-25
2023,24,356,20,"W,L,L,D,L",3,4,17,13,22,60,-38
2023,25,64,1,"W,W,L,W,W",17,6,2,57,59,24,35
2023,25,65,2,"W,D,W,W,W",17,5,3,56,58,26,32
2023,25,57,3,"W,W,W,W,W",17,4,4,55,58,22,36
2023,25,58,4,"W,L,W,L,D",15,4,6,49,52,33,19
2023,25,73,5,"L,W,D,W,D",14,5,6,47,52,38,14
2023,25,66,6,"W,W,W,W,D",14,2,9,44,35,34,1
2023,25,397,7,"W,L,W,L,D",10,8,7,38,48,40,8
2023,25,67,8,"D,W,D,W,L",11,4,10,37,53,41,12
2023,25,563,9,"L,L,L,D,D",10,6,9,36,36,44,-8
2023,25,61,10,"D,W,L,L,W",10,5,10,35,42,41,1
2023,25,76,11,"W,L,W,L,D",10,5,10,35,39,40,-1
2023,25,1044,12,"W,D,L,D,D",8,7,10,31,37,49,-12
2023,25,62,13,"D,L,D,D,D",8,6,11,30,27,33,-6
2023,25,63,14,"L,W,D,D,L",8,5,12,29,34,41,-7
2023,25,402,15,"L,L,W,L,L",7,4,14,25,35,44,-9
2023,25,354,16,"D,L,L,W,L",6,7,12,25,28,44,-16
2023,25,351,17,"W,L,D,L,L",6,6,13,24,32,44,-12
2023,25,389,18,"L,L,L,D,W",5,5,15,20,37,51,-14
2023,25,328,19,"L,L,D,L,D",3,4,18,13,25,55,-30
2023,25,356,20,"L,W,L,L,D",3,4,18,13,22,65,-43
2023,26,64,1,"W,W,W,L,W",18,6,2,60,63,25,38
2023,26,65,2,"W,W,D,W,W",18,5,3,59,59,26,33
2023,26,57,3,"W,W,W,W,W",18,4,4,58,62,23,39
2023,26,58,4,"W,W,L,W,L",16,4,6,52,56,35,21
2023,26,73,5,"L,L,W,D,W",14,5,7,47,52,40,12
2023,26,66,6,"L,W,W,W,W",14,2,10,44,36,36,0
2023,26,397,7,"D,W,L,W,L",10,9,7,39,49,41,8
2023,26,563,8,"W,L,L,L,D",11,6,9,39,40,46,-6
2023,26,61,9,"W,D,W,L,L",11,5,10,38,44,41,3
2023,26,76,10,"W,W,L,W,L",11,5,10,38,40,40,0
2023,26,67,11,"L,D,W,D,W",11,4,11,37,54,45,9
2023,26,63,12,"W,L,W,D,D",9,5,12,32,36,42,-6
2023,26,62,13,"D,D,L,D,D",8,7,11,31,28,34,-6
2023,26,1044,14,"W,L,D,L,D",8,7,11,31,37,50,-13
2023,26,354,15,"W,D,L,L,W",7,7,12,28,31,44,-13
2023,26,402,16,"L,L,L,W,L",7,4,15,25,37,48,-11
2023,26,351,17,"L,W,L,D,L",6,6,14,24,34,48,-14
2023,26,389,18,"L,L,L,L,D",5,5,16,20,38,55,-17
2023,26,328,19,"L,L,L,D,L",3,4,19,13,25,58,-33
2023,26,356,20,"L,L,W,L,L",3,4,19,13,22,66,-44
2023,27,64,1,"W,W,W,W,L",19,6,2,63,64,25,39
2023,27,65,2,"W,W,W,D,W",19,5,3,62,62,27,35
2023,27,57,3,"W,W,W,W,W",19,4,4,61,68,23,45
2023,27,58,4,"W,W,W,L,W",17,4,6,55,59,37,22
2023,27,73,5,"L,W,L,W,D",15,5,7,50,55,41,14
2023,27,66,6,"L,L,W,W,W",14,2,11,44,37,39,-2
2023,27,563,7,"W,W,L,L,L",12,6,9,42,43,47,-4
2023,27,67,8,"W,L,D,W,D",12,4,11,40,57,45,12
2023,27,397,9,"L,D,W,L,W",10,9,8,39,49,44,5
2023,27,61,10,"W,D,D,W,L",11,6,10,39,46,43,3
2023,27,76,11,"L,W,W,L,W",11,5,11,38,40,43,-3
2023,27,63,12,"W,W,L,W,D",10,5,12,35,39,42,-3
2023,27,1044,13,"W,W,L,D,L",9,7,11,34,39,50,-11
2023,27,62,14,"L,D,D,L,D",8,7,12,31,29,37,-8
2023,27,354,15,"L,W,D,L,L",7,7,13,28,32,47,-15
2023,27,402,16,"D,L,L,L,W",7,5,15,26,39,50,-11
2023,27,351,17,"L,L,W,L,D",6,6,15,24,34,49,-15
2023,27,389,18,"L,L,L,L,L",5,5,17,20,40,58,-18
2023,27,328,19,"L,L,L,L,D",3,4,20,13,25,60,-35
2023,27,356,20,"L,L,L,W,L",3,4,20,13,22,72,-50
2023,28,57,1,"W,W,W,W,W",20,4,4,64,70,24,46
2023,28,64,2,"D,W,W,W,W",19,7,2,64,65,26,39
2023,28,65,3,"D,W,W,W,D",19,6,3,63,63,28,35
2023,28,58,4,"L,W,W,W,L",17,4,7,55,59,41,18
2023,28,73,5,"L,W,W,L,W",16,5,7,53,59,41,18
2023,28,66,6,"W,L,L,W,W",15,2,11,47,39,39,0
2023,28,563,7,"D,W,W,L,L",12,7,9,43,45,49,-4
2023,28,397,8,"W,L,D,W,L",11,9,8,42,50,44,6
2023,28,61,9,"W,W,D,D,W",12,6,10,42,49,45,4
2023,28,76,10,"W,L,W,W,L",12,5,11,41,42,44,-2
2023,28,67,11,"L,W,L,D,W",12,4,12,40,59,48,11
2023,28,63,12,"L,W,W,L,W",10,5,13,35,40,44,-4
2023,28,1044,13,"W,D,W,L,D",9,8,11,35,41,52,-11
2023,28,62,14,"L,L,D,D,L",8,7,13,31,29,39,-10
2023,28,354,15,"D,L,W,D,L",7,8,13,29,33,48,-15
2023,28,402,16,"L,D,L,L,L",7,5,16,26,40,52,-12
2023,28,351,17,"L,L,L,W,L",6,6,16,24,34,50,-16
2023,28,389,18,"L,D,L,L,L",5,6,17,21,41,59,-18
2023,28,328,19,"D,L,L,L,L",3,5,20,14,27,62,-35
2023,28,356,20,"D,L,L,L,W",3,5,20,14,24,74,-50
2023,29,57,1,"W,W,W,W,W",21,4,4,67,75,24,51
2023,29,65,2,"W,D,W,W,W",20,6,3,66,67,28,39
2023,29,64,3,"L,D,W,W,W",19,7,3,64,65,28,37
2023,29,58,4,"D,L,W,W,W",17,5,7,56,60,42,18
2023,29,73,5,"L,L,W,W,L",16,5,8,53,59,44,15
2023,29,66,6,"W,W,L,L,W",16,2,11,50,43,41,2
2023,29,563,7,"D,D,W,W,L",12,8,9,44,46,50,-4
2023,29,397,8,"L,W,L,D,W",11,9,9,42,50,48,2
2023,29,61,9,"W,L,W,D,D",12,6,11,42,49,50,-1
2023,29,76,10,"L,W,L,W,W",12,5,12,41,42,45,-3
2023,29,67,11,"L,L,W,L,D",12,4,13,40,59,50,9
2023,29,63,12,"W,L,W,W,L",11,5,13,38,43,44,-1
2023,29,1044,13,"W,W,D,W,L",10,8,11,38,42,52,-10
2023,29,62,14,"W,L,L,D,D",9,7,13,34,31,39,-8
2023,29,354,15,"W,D,L,W,D",8,8,13,32,35,48,-13
2023,29,402,16,"L,L,D,L,L",7,5,17,26,41,54,-13
2023,29,351,17,"D,L,L,L,W",6,7,16,25,35,51,-16
2023,29,389,18,"D,L,D,L,L",5,7,17,22,42,60,-18
2023,29,328,19,"W,D,L,L,L",4,5,20,17,29,63,-34
2023,29,356,20,"L,D,L,L,L",3,5,21,14,26,78,-52
2023,30,57,1,"W,D,W,W,W",21,5,4,68,75,24,51
2023,30,65,2,"W,D,D,W,W",20,7,3,67,67,28,39
2023,30,64,3,"L,W,D,W,W",20,7,3,67,67,29,38
2023,30,58,4,"W,D,L,W,W",18,5,7,59,62,42,20
2023,30,73,5,"L,W,L,W,W",17,5,8,56,61,45,16
2023,30,66,6,"W,D,W,L,L",16,3,11,51,44,42,2
2023,30,563,7,"L,D,D,W,W",12,8,10,44,49,54,-5
2023,30,67,8,"L,W,L,W,L",13,4,13,43,63,53,10
2023,30,61,9,"W,L,D,W,D",12,7,11,43,51,52,-1
2023,30,397,10,"L,L,W,L,D",11,9,10,42,51,50,1
2023,30,76,11,"L,L,W,L,W",12,5,13,41,42,47,-5
2023,30,1044,12,"W,W,W,D,W",11,8,11,41,44,53,-9
2023,30,63,13,"D,W,L,W,W",11,6,13,39,46,47,-1
2023,30,62,14,"W,L,L,L,D",9,7,14,34,32,41,-9
2023,30,354,15,"W,D,D,L,W",8,9,13,33,36,49,-13
2023,30,402,16,"D,L,L,D,L",7,6,17,27,42,55,-13
2023,30,351,17,"D,D,L,L,L",6,8,16,26,36,52,-16
2023,30,389,18,"L,D,L,D,L",5,7,18,22,43,62,-19
2023,30,328,19,"D,W,D,L,L",4,6,20,18,31,65,-34
2023,30,356,20,"L,D,D,L,L",3,6,21,15,29,81,-52
2023,31,57,1,"W,W,D,W,W",22,5,4,71,77,24,53
2023,31,65,2,"W,W,D,D,W",21,7,3,70,71,29,42
2023,31,64,3,"L,W,W,D,W",21,7,3,70,70,30,40
2023,31,58,4,"L,W,D,L,W",18,5,8,59,63,46,17
2023,31,73,5,"L,D,W,L,W",17,6,8,57,62,46,16
2023,31,66,6,"W,L,D,W,L",16,3,12,51,47,46,1
2023,31,61,7,"W,L,W,D,W",13,7,11,46,55,55,0
2023,31,563,8,"D,L,D,D,W",12,9,10,45,50,55,-5
2023,31,67,9,"L,D,W,L,W",13,5,13,44,64,54,10
2023,31,1044,10,"W,W,W,W,D",12,8,11,44,45,53,-8
2023,31,397,11,"L,D,L,W,L",11,10,10,43,51,50,1
2023,31,76,12,"L,D,L,W,L",12,6,13,42,43,48,-5
2023,31,63,13,"L,D,W,L,W",11,6,14,39,47,50,-3
2023,31,62,14,"W,D,L,L,L",9,8,14,35,33,42,-9
2023,31,354,15,"W,L,D,D,L",8,9,14,33,36,50,-14
2023,31,351,16,"W,D,D,L,L",7,8,16,29,39,53,-14
2023,31,402,17,"D,D,L,L,D",7,7,17,28,42,55,-13
2023,31,389,18,"L,L,D,L,D",5,7,19,22,43,64,-21
2023,31,328,19,"D,D,W,D,L",4,7,20,19,32,66,-34
2023,31,356,20,"L,L,D,D,L",3,6,22,15,30,84,-54
2023,32,57,1,"W,W,W,D,W",23,5,4,74,80,24,56
2023,32,65,2,"W,W,W,D,D",22,7,3,73,75,31,44
2023,32,64,3,"L,D,W,W,D",21,8,3,71,72,32,40
2023,32,73,4,"L,W,D,W,L",18,6,8,60,65,47,18
2023,32,58,5,"D,L,W,D,L",18,6,8,60,66,49,17
2023,32,66,6,"W,D,L,D,W",16,4,12,52,49,48,1
2023,32,563,7,"W,D,L,D,D",13,9,10,48,52,56,-4
2023,32,67,8,"L,W,D,W,L",14,5,13,47,65,54,11
2023,32,61,9,"W,L,D,W,D",13,8,11,47,57,57,0
2023,32,1044,10,"W,L,W,W,W",12,8,12,44,46,55,-9
2023,32,397,11,"L,L,D,L,W",11,10,11,43,51,53,-2
2023,32,76,12,"L,L,D,L,W",12,6,14,42,44,50,-6
2023,32,63,13,"L,L,D,W,L",11,6,15,39,47,51,-4
2023,32,62,14,"W,W,D,L,L",10,8,14,38,34,42,-8
2023,32,354,15,"W,L,L,D,D",8,9,15,33,38,54,-16
2023,32,402,16,"D,D,D,L,L",7,8,17,29,45,58,-13
2023,32,351,17,"L,W,D,D,L",7,8,17,29,40,56,-16
2023,32,389,18,"W,L,L,D,L",6,7,19,25,45,65,-20
2023,32,328,19,"L,D,D,W,D",4,7,21,19,32,67,-35
2023,32,356,20,"L,D,L,D,D",3,7,22,16,32,86,-54
2023,33,65,1,"W,W,W,W,D",23,7,3,76,80,32,48
2023,33,57,2,"W,L,W,W,D",23,5,5,74,80,26,54
2023,33,64,3,"L,L,D,W,W",21,8,4,71,72,33,39
2023,33,58,4,"W,D,L,W,D",19,6,8,63,68,49,19
2023,33,73,5,"L,L,W,D,W",18,6,9,60,65,51,14
2023,33,66,6,"W,D,D,L,D",16,5,12,53,51,50,1
2023,33,67,7,"L,W,W,D,W",15,5,13,50,69,54,15
2023,33,61,8,"W,L,W,D,W",14,8,11,50,63,57,6
2023,33,563,9,"L,W,D,L,D",13,9,11,48,52,58,-6
2023,33,1044,10,"W,D,L,W,W",12,9,12,45,48,57,-9
2023,33,397,11,"L,D,L,D,L",11,11,11,44,52,54,-2
2023,33,76,12,"L,D,L,D,L",12,7,14,43,46,52,-6
2023,33,63,13,"W,L,L,D,W",12,6,15,42,49,51,-2
2023,33,62,14,"W,L,W,D,L",10,8,15,38,34,48,-14
2023,33,354,15,"W,W,L,L,D",9,9,15,36,39,54,-15
2023,33,402,16,"W,D,D,D,L",8,8,17,32,47,58,-11
2023,33,351,17,"D,L,W,D,D",7,9,17,30,42,58,-16
2023,33,389,18,"L,W,L,L,D",6,7,20,25,46,70,-24
2023,33,328,19,"D,L,D,D,W",4,8,21,20,33,68,-35
2023,33,356,20,"L,L,D,L,D",3,7,23,16,32,88,-56
2023,34,65,1,"W,W,W,W,W",24,7,3,79,82,32,50
2023,34,57,2,"W,W,L,W,W",24,5,5,77,82,26,56
2023,34,64,3,"L,W,L,D,W",22,8,4,74,75,34,41
2023,34,58,4,"W,W,D,L,W",20,6,8,66,71,50,21
2023,34,73,5,"L,L,L,W,D",18,6,10,60,65,53,12
2023,34,66,6,"W,W,D,D,L",17,5,12,56,54,52,2
2023,34,61,7,"W,W,L,W,D",15,8,11,53,65,58,7
2023,34,67,8,"L,L,W,W,D",15,5,14,50,71,57,14
2023,34,563,9,"L,L,W,D,L",13,9,12,48,54,63,-9
2023,34,1044,10,"W,L,D,L,W",12,9,13,45,49,60,-11
2023,34,397,11,"L,L,D,L,D",11,11,12,44,53,56,-3
2023,34,76,12,"L,L,D,L,D",12,7,15,43,46,54,-8
2023,34,63,13,"L,W,L,L,D",12,6,16,42,50,54,-4
2023,34,62,14,"W,W,L,W,D",11,8,15,41,36,48,-12
2023,34,354,15,"W,W,W,L,L",10,9,15,39,44,56,-12
2023,34,402,16,"W,W,D,D,D",9,8,17,35,52,59,-7
2023,34,351,17,"L,D,L,W,D",7,9,18,30,42,60,-18
2023,34,389,18,"L,L,W,L,L",6,7,21,25,47,75,-28
2023,34,328,19,"W,D,L,D,D",5,8,21,23,37,69,-32
2023,34,356,20,"L,L,L,D,L",3,7,24,16,33,92,-59
2023,35,65,1,"W,W,W,W,W",25,7,3,82,84,32,52
2023,35,57,2,"W,W,W,L,W",25,5,5,80,85,28,57
2023,35,64,3,"D,L,W,L,D",22,9,4,75,77,36,41
2023,35,58,4,"D,W,W,D,L",20,7,8,67,73,52,21
2023,35,73,5,"L,L,L,L,W",18,6,11,60,67,56,11
2023,35,66,6,"W,D,W,D,D",17,6,12,57,55,53,2
2023,35,61,7,"W,W,D,L,W",15,9,11,54,67,60,7
2023,35,67,8,"L,W,L,W,W",16,5,14,53,76,58,18
2023,35,563,9,"D,L,L,W,D",13,10,12,49,56,65,-9
2023,35,1044,10,"W,W,L,D,L",13,9,13,48,52,60,-8
2023,35,76,11,"W,L,L,D,L",13,7,15,46,48,55,-7
2023,35,397,12,"L,L,L,D,L",11,11,13,44,53,59,-6
2023,35,62,13,"W,W,W,L,W",12,8,15,44,37,48,-11
2023,35,63,14,"D,L,W,L,L",12,7,16,43,51,55,-4
2023,35,354,15,"D,W,W,W,L",10,10,15,40,45,57,-12
2023,35,402,16,"L,W,W,D,D",9,8,18,35,52,60,-8
2023,35,351,17,"L,L,D,L,W",7,9,19,30,42,62,-20
2023,35,389,18,"L,L,L,W,L",6,7,22,25,48,77,-29
2023,35,328,19,"D,W,D,L,D",5,9,21,24,38,70,-32
2023,35,356,20,"L,L,L,L,D",3,7,25,16,34,97,-63
2023,36,65,1,"W,W,W,W,W",26,7,3,85,89,33,56
2023,36,57,2,"W,W,W,W,L",26,5,5,83,88,28,60
2023,36,64,3,"W,D,L,W,L",23,9,4,78,81,38,43
2023,36,58,4,"L,D,W,W,D",20,7,9,67,73,53,20
2023,36,73,5,"L,L,L,L,L",18,6,12,60,69,60,9
2023,36,61,6,"W,W,W,D,L",16,9,11,57,72,60,12
2023,36,66,7,"W,L,D,W,D",17,6,13,57,55,57,-2
2023,36,67,8,"L,W,W,L,W",17,5,14,56,80,59,21
2023,36,563,9,"L,D,L,L,W",13,10,13,49,56,70,-14
2023,36,1044,10,"L,W,W,L,D",13,9,14,48,52,63,-11
2023,36,397,11,"L,W,L,L,D",12,11,13,47,54,59,-5
2023,36,76,12,"L,W,L,L,D",13,7,16,46,49,60,-11
2023,36,62,13,"D,W,W,W,L",12,9,15,45,38,49,-11
2023,36,63,14,"D,D,L,W,L",12,8,16,44,51,55,-4
2023,36,354,15,"W,D,W,W,W",11,10,15,43,49,57,-8
2023,36,402,16,"D,L,W,W,D",9,9,18,36,52,60,-8
2023,36,351,17,"W,L,L,D,L",8,9,19,33,45,63,-18
2023,36,389,18,"D,L,L,L,W",6,8,22,26,49,78,-29
2023,36,328,19,"L,D,W,D,L",5,9,22,24,39,74,-35
2023,36,356,20,"L,L,L,L,L",3,7,26,16,35,100,-65
2023,37,65,1,"W,W,W,W,W",27,7,3,88,93,33,60
2023,37,57,2,"W,W,W,W,W",27,5,5,86,89,28,61
2023,37,64,3,"D,W,D,L,W",23,10,4,79,84,41,43
2023,37,58,4,"D,L,D,W,W",20,8,9,68,76,56,20
2023,37,73,5,"L,W,L,L,L",19,6,12,63,71,61,10
2023,37,61,6,"W,W,W,W,D",17,9,11,60,75,62,13
2023,37,67,7,"L,D,W,W,L",17,6,14,57,81,60,21
2023,37,66,8,"W,L,L,D,W",17,6,14,57,55,58,-3
2023,37,563,9,"W,L,D,L,L",14,10,13,52,59,71,-12
2023,37,397,10,"L,D,W,L,L",12,12,13,48,55,60,-5
2023,37,62,11,"W,D,W,W,W",13,9,15,48,39,49,-10
2023,37,1044,12,"L,L,W,W,L",13,9,15,48,53,65,-12
2023,37,354,13,"W,W,D,W,W",12,10,15,46,52,58,-6
2023,37,76,14,"L,L,W,L,L",13,7,17,46,50,63,-13
2023,37,63,15,"L,D,D,L,W",12,8,17,44,51,59,-8
2023,37,402,16,"W,D,L,W,W",10,9,18,39,54,61,-7
2023,37,351,17,"L,W,L,L,D",8,9,20,33,47,66,-19
2023,37,389,18,"L,D,L,L,L",6,8,23,26,50,81,-31
2023,37,328,19,"L,L,D,W,D",5,9,23,24,40,76,-36
2023,37,356,20,"L,L,L,L,L",3,7,27,16,35,101,-66
2023,38,65,1,"W,W,W,W,W",28,7,3,91,96,34,62
2023,38,57,2,"W,W,W,W,W",28,5,5,89,91,29,62
2023,38,64,3,"W,D,W,D,L",24,10,4,82,86,41,45
2023,38,58,4,"L,D,L,D,W",20,8,10,68,76,61,15
2023,38,73,5,"W,L,W,L,L",20,6,12,66,74,61,13
2023,38,61,6,"W,W,W,W,W",18,9,11,63,77,63,14
2023,38,67,7,"W,L,D,W,W",18,6,14,60,85,62,23
2023,38,66,8,"W,W,L,L,D",18,6,14,60,57,58,-1
2023,38,563,9,"L,W,L,D,L",14,10,14,52,60,74,-14
2023,38,354,10,"W,W,W,D,W",13,10,15,49,57,58,-1
2023,38,397,11,"L,L,D,W,L",12,12,14,48,55,62,-7
2023,38,62,12,"L,W,D,W,W",13,9,16,48,40,51,-11
2023,38,1044,13,"L,L,L,W,W",13,9,16,48,54,67,-13
2023,38,63,14,"W,L,D,D,L",13,8,17,47,55,61,-6
2023,38,76,15,"L,L,L,W,L",13,7,18,46,50,65,-15
2023,38,402,16,"L,W,D,L,W",10,9,19,39,56,65,-9
2023,38,351,17,"W,L,W,L,L",9,9,20,36,49,67,-18
2023,38,389,18,"L,L,D,L,L",6,8,24,26,52,85,-33
2023,38,328,19,"L,L,L,D,W",5,9,24,24,41,78,-37
2023,38,356,20,"L,L,L,L,L",3,7,28,16,35,104,-69
