gameweek,teamName,kalshi_prob
1,Man United,0.053571
1,Hull,0.008929
1,Tottenham,0.026786
1,Newcastle,0.008929
1,Liverpool,0.089286
1,Brentford,0.008929
1,Brighton,0.008929
1,Aston Villa,0.008929
1,Bournemouth,0.008929
1,Crystal Palace,0.008929
1,Everton,0.008929
1,Chelsea,0.107143
1,Man City,0.1875
1,Arsenal,0.464286
2,Man United,0.052174
2,Hull,0.008696
2,Sunderland,0.008696
2,Tottenham,0.017391
2,Leeds,0.008696
2,Newcastle,0.008696
2,Nott'm Forest,0.008696
2,Liverpool,0.043478
2,Brentford,0.008696
2,Brighton,0.008696
2,Aston Villa,0.008696
2,Everton,0.008696
2,Chelsea,0.165217
2,Man City,0.2
2,Arsenal,0.443478
3,Man United,0.045872
3,Hull,0.009174
3,Tottenham,0.009174
3,Leeds,0.009174
3,Liverpool,0.06422
3,Brentford,0.009174
3,Aston Villa,0.009174
3,Crystal Palace,0.009174
3,Coventry,0.009174
3,Chelsea,0.137615
3,Man City,0.220183
3,Arsenal,0.46789
4,Man United,0.018868
4,Hull,0.009434
4,Tottenham,0.009434
4,Liverpool,0.037736
4,Brighton,0.009434
4,Chelsea,0.075472
4,Man City,0.301887
4,Arsenal,0.537736
5,Man United,0.018349
5,Hull,0.009174
5,Tottenham,0.009174
5,Leeds,0.009174
5,Newcastle,0.009174
5,Liverpool,0.036697
5,Brentford,0.009174
5,Brighton,0.027523
5,Aston Villa,0.009174
5,Bournemouth,0.009174
5,Chelsea,0.045872
5,Man City,0.366972
5,Arsenal,0.440367
