season,teamName,value_eur
2005,Chelsea,363430000.0
2005,Man United,254580000.0
2005,Arsenal,232330000.0
2005,Liverpool,216350000.0
2005,Tottenham,154330000.0
2005,Newcastle,150480000.0
2005,Middlesbrough,94380000.0
2005,Everton,92920000.0
2005,Man City,91900000.0
2005,Aston Villa,89600000.0
2005,Portsmouth,86130000.0
2005,Charlton,82430000.0
2005,Birmingham,81830000.0
2005,Fulham,70880000.0
2005,West Brom,65550000.0
2005,Blackburn,63850000.0
2005,West Ham,62550000.0
2005,Bolton,61850000.0
2005,Wigan,51920000.0
2005,Sunderland,34350000.0
2006,Chelsea,416760000.0
2006,Arsenal,278180000.0
2006,Man United,259149999.99999997
2006,Liverpool,239770000.0
2006,Tottenham,165730000.0
2006,Newcastle,146550000.0
2006,West Ham,109650000.0
2006,Aston Villa,109500000.0
2006,Everton,109450000.0
2006,Portsmouth,97080000.0
2006,Middlesbrough,96320000.0
2006,Man City,89250000.0
2006,Fulham,84680000.0
2006,Blackburn,78900000.0
2006,Wigan,74930000.0
2006,Bolton,72380000.0
2006,Charlton,71470000.0
2006,Sheffield United,43360000.0
2006,Watford,32970000.0
2006,Reading,32880000.000000004
2007,Chelsea,434350000.0
2007,Man United,354550000.0
2007,Liverpool,305650000.0
2007,Arsenal,262399999.99999997
2007,Tottenham,220500000.0
2007,Everton,155300000.0
2007,Man City,150100000.0
2007,Portsmouth,141300000.0
2007,Newcastle,135200000.0
2007,Middlesbrough,120900000.0
2007,West Ham,120000000.0
2007,Aston Villa,112100000.0
2007,Bolton,104200000.0
2007,Fulham,99050000.0
2007,Blackburn,90850000.0
2007,Sunderland,83600000.0
2007,Birmingham,82500000.0
2007,Wigan,77750000.0
2007,Reading,65930000.00000001
2007,Derby,50400000.0
2008,Chelsea,448550000.0
2008,Man United,425950000.0
2008,Liverpool,342850000.0
2008,Arsenal,311450000.0
2008,Tottenham,278800000.0
2008,Man City,258350000.00000003
2008,Everton,190330000.0
2008,Aston Villa,157350000.0
2008,Portsmouth,152600000.0
2008,Newcastle,134550000.0
2008,West Ham,133900000.0
2008,Sunderland,110300000.0
2008,Wigan,103750000.0
2008,Blackburn,91200000.0
2008,Middlesbrough,85450000.0
2008,Fulham,83850000.0
2008,Bolton,81650000.0
2008,West Brom,66099999.99999999
2008,Hull,64700000.0
2008,Stoke,63450000.0
2009,Chelsea,451950000.0
2009,Man United,384700000.0
2009,Liverpool,331550000.0
2009,Arsenal,314300000.0
2009,Man City,312500000.0
2009,Tottenham,263529999.99999997
2009,Everton,218930000.0
2009,Aston Villa,167380000.0
2009,Sunderland,131580000.00000001
2009,West Ham,123750000.0
2009,Fulham,101180000.0
2009,Portsmouth,96650000.0
2009,Blackburn,91630000.0
2009,Bolton,85800000.0
2009,Stoke,80700000.0
2009,Wigan,77600000.0
2009,Hull,73200000.0
2009,Birmingham,69650000.0
2009,Wolves,65480000.00000001
2009,Burnley,48150000.0
2010,Chelsea,424100000.0
2010,Man City,404180000.0
2010,Man United,388000000.0
2010,Liverpool,339200000.0
2010,Arsenal,324000000.0
2010,Tottenham,307080000.0
2010,Aston Villa,202800000.0
2010,Everton,184480000.0
2010,Sunderland,149330000.0
2010,West Ham,138850000.0
2010,Newcastle,119480000.0
2010,Fulham,109550000.0
2010,Bolton,100150000.0
2010,Birmingham,95380000.0
2010,Stoke,94450000.0
2010,Blackburn,91530000.0
2010,West Brom,86880000.0
2010,Wolves,83550000.0
2010,Wigan,80500000.0
2010,Blackpool,50030000.0
2011,Man City,498600000.0
2011,Man United,404100000.0
2011,Chelsea,375500000.0
2011,Arsenal,362430000.0
2011,Tottenham,323500000.0
2011,Liverpool,236900000.0
2011,Everton,169950000.0
2011,Newcastle,161700000.0
2011,Sunderland,126500000.0
2011,Aston Villa,123500000.0
2011,Fulham,100000000.0
2011,Bolton,90050000.0
2011,Stoke,81650000.0
2011,QPR,81380000.0
2011,Blackburn,80000000.0
2011,Wolves,78050000.0
2011,Swansea,75600000.0
2011,Wigan,74250000.0
2011,West Brom,69550000.0
2011,Norwich,58750000.0
2012,Man City,502100000.0
2012,Man United,457500000.0
2012,Chelsea,454250000.0
2012,Arsenal,296900000.0
2012,Tottenham,296800000.0
2012,Liverpool,276100000.0
2012,Newcastle,200250000.0
2012,Everton,139750000.0
2012,Sunderland,133900000.0
2012,QPR,120050000.0
2012,Aston Villa,110500000.0
2012,Fulham,109850000.0
2012,Stoke,104050000.0
2012,West Ham,103000000.0
2012,Swansea,102250000.0
2012,West Brom,93500000.0
2012,Wigan,91550000.0
2012,Southampton,83050000.0
2012,Norwich,73250000.0
2012,Reading,46250000.0
2013,Chelsea,584200000.0
2013,Man City,455800000.0
2013,Man United,402550000.0
2013,Arsenal,385750000.0
2013,Liverpool,315750000.0
2013,Tottenham,288950000.0
2013,Everton,210000000.0
2013,Newcastle,172300000.0
2013,Southampton,131500000.0
2013,Swansea,128930000.0
2013,Sunderland,122000000.0
2013,Fulham,112650000.0
2013,West Ham,109750000.0
2013,Aston Villa,109500000.0
2013,Stoke,104700000.0
2013,West Brom,90800000.0
2013,Norwich,89300000.0
2013,Cardiff,87900000.0
2013,Crystal Palace,68700000.0
2013,Hull,68150000.0
2014,Chelsea,557250000.0
2014,Man United,505400000.0
2014,Man City,448250000.0
2014,Arsenal,414750000.0
2014,Liverpool,324850000.0
2014,Tottenham,304150000.0
2014,Southampton,210250000.0
2014,Everton,182850000.0
2014,Newcastle,140000000.0
2014,West Ham,135900000.0
2014,Swansea,130750000.0
2014,Hull,117100000.0
2014,Aston Villa,114250000.0
2014,QPR,112250000.0
2014,Stoke,110500000.0
2014,Crystal Palace,97250000.0
2014,West Brom,95950000.0
2014,Sunderland,91000000.0
2014,Leicester,66700000.0
2014,Burnley,52550000.0
2015,Chelsea,553500000.0
2015,Man City,499350000.0
2015,Arsenal,457850000.0
2015,Man United,439850000.0
2015,Liverpool,375250000.0
2015,Tottenham,371850000.0
2015,Everton,249850000.0
2015,Southampton,225500000.0
2015,West Ham,201330000.0
2015,Newcastle,198000000.0
2015,Leicester,161100000.0
2015,Stoke,147000000.0
2015,Swansea,145800000.0
2015,Watford,137000000.0
2015,Crystal Palace,135700000.0
2015,Aston Villa,117950000.0
2015,Norwich,116900000.0
2015,West Brom,113100000.0
2015,Sunderland,111250000.0
2015,Bournemouth,99900000.0
2016,Chelsea,686700000.0
2016,Man City,576500000.0
2016,Tottenham,543650000.0
2016,Arsenal,542000000.0
2016,Man United,531450000.00000006
2016,Liverpool,425650000.0
2016,Everton,311250000.0
2016,West Ham,273050000.0
2016,Southampton,263750000.0
2016,Crystal Palace,228430000.0
2016,Leicester,218650000.0
2016,Stoke,186000000.0
2016,Watford,175650000.0
2016,Swansea,157100000.0
2016,Hull,135850000.0
2016,Sunderland,132000000.0
2016,Bournemouth,131600000.0
2016,Middlesbrough,128800000.00000001
2016,West Brom,123200000.0
2016,Burnley,107180000.0
2017,Man City,1010000000.0
2017,Chelsea,884250000.0
2017,Liverpool,857500000.0
2017,Man United,849500000.0
2017,Tottenham,829600000.0
2017,Arsenal,694000000.0
2017,Everton,381250000.0
2017,Leicester,304250000.0
2017,Southampton,297000000.0
2017,West Ham,268100000.00000003
2017,Crystal Palace,220730000.0
2017,Newcastle,208280000.0
2017,Watford,196000000.0
2017,Stoke,192450000.0
2017,Burnley,169300000.0
2017,West Brom,165950000.0
2017,Swansea,165490000.0
2017,Brighton,148200000.0
2017,Bournemouth,144500000.0
2017,Huddersfield,106050000.0
2018,Man City,1200000000.0
2018,Liverpool,1170000000.0
2018,Chelsea,1170000000.0
2018,Tottenham,898600000.0
2018,Man United,797600000.0
2018,Arsenal,659050000.0
2018,Everton,529100000.0
2018,Leicester,434100000.0
2018,West Ham,359000000.0
2018,Bournemouth,310000000.0
2018,Southampton,305400000.0
2018,Wolves,302900000.0
2018,Crystal Palace,289000000.0
2018,Fulham,254250000.0
2018,Newcastle,244650000.0
2018,Watford,239100000.0
2018,Burnley,197250000.0
2018,Brighton,194350000.0
2018,Huddersfield,137450000.0
2018,Cardiff,113000000.0
2019,Man City,1050000000.0
2019,Liverpool,1000000000.0
2019,Tottenham,806800000.0
2019,Chelsea,705850000.0
2019,Man United,670450000.0
2019,Arsenal,607650000.0
2019,Everton,420550000.0
2019,Leicester,411100000.0
2019,Wolves,320330000.0
2019,West Ham,303600000.0
2019,Bournemouth,272180000.0
2019,Newcastle,252480000.0
2019,Aston Villa,231700000.0
2019,Southampton,210750000.0
2019,Brighton,200780000.0
2019,Watford,199600000.0
2019,Crystal Palace,189330000.0
2019,Burnley,163880000.0
2019,Norwich,145330000.0
2019,Sheffield United,138600000.0
2020,Man City,1040000000.0
2020,Liverpool,969650000.0
2020,Chelsea,889200000.0
2020,Man United,770050000.0
2020,Tottenham,703500000.0
2020,Arsenal,619250000.0
2020,Everton,511200000.0
2020,Leicester,510600000.0
2020,Wolves,450300000.0
2020,Aston Villa,430700000.0
2020,West Ham,336400000.0
2020,Brighton,290400000.0
2020,Southampton,282800000.0
2020,Newcastle,255350000.0
2020,Fulham,239750000.0
2020,Leeds,238100000.0
2020,Crystal Palace,193850000.0
2020,Sheffield United,149850000.0
2020,West Brom,141150000.0
2020,Burnley,132300000.00000001
2021,Man City,1000000000.0
2021,Liverpool,918900000.0
2021,Chelsea,914500000.0
2021,Man United,769150000.0
2021,Tottenham,689350000.0
2021,Arsenal,613050000.0
2021,Leicester,526549999.99999994
2021,Aston Villa,487750000.0
2021,Everton,479050000.0
2021,Wolves,376950000.0
2021,West Ham,354900000.0
2021,Brighton,318000000.0
2021,Newcastle,313900000.0
2021,Leeds,299450000.0
2021,Southampton,274300000.0
2021,Brentford,273300000.0
2021,Crystal Palace,271050000.0
2021,Norwich,163200000.0
2021,Watford,156200000.0
2021,Burnley,137850000.0
2022,Man City,1150000000.0
2022,Arsenal,1000000000.0
2022,Chelsea,994950000.0
2022,Man United,847750000.0
2022,Liverpool,811850000.0
2022,Tottenham,649100000.0
2022,Newcastle,541600000.0
2022,Brighton,529799999.99999994
2022,Aston Villa,509550000.0
2022,Wolves,497650000.0
2022,Leicester,490700000.0
2022,West Ham,465600000.0
2022,Southampton,419950000.0
2022,Everton,413150000.0
2022,Nott'm Forest,376250000.0
2022,Brentford,371200000.0
2022,Leeds,345150000.0
2022,Crystal Palace,323050000.0
2022,Fulham,295100000.0
2022,Bournemouth,287200000.0
2023,Man City,1460000000.0
2023,Arsenal,1200000000.0
2023,Chelsea,1010000000.0
2023,Liverpool,955650000.0
2023,Tottenham,838500000.0
2023,Man United,808350000.0
2023,Aston Villa,709650000.0
2023,Newcastle,652250000.0
2023,Brighton,524400000.0
2023,Nott'm Forest,501350000.0
2023,West Ham,487500000.0
2023,Crystal Palace,446580000.0
2023,Wolves,442730000.0
2023,Brentford,428780000.0
2023,Bournemouth,401750000.0
2023,Everton,391750000.0
2023,Fulham,384350000.0
2023,Burnley,273480000.0
2023,Sheffield United,152350000.0
2023,Luton,140900000.0
2024,Man City,1360000000.0
2024,Chelsea,1190000000.0
2024,Arsenal,1160000000.0
2024,Liverpool,950950000.0
2024,Man United,825000000.0
2024,Tottenham,777300000.0
2024,Aston Villa,680550000.0
2024,Newcastle,677530000.0
2024,Brighton,667580000.0
2024,Crystal Palace,526850000.0
2024,Bournemouth,518600000.0
2024,Nott'm Forest,481300000.0
2024,Wolves,433050000.0
2024,Brentford,427850000.0
2024,West Ham,400700000.0
2024,Everton,363230000.0
2024,Fulham,362350000.0
2024,Southampton,310050000.0
2024,Ipswich,270100000.0
2024,Leicester,253350000.0
2025,Man City,1390000000.0
2025,Arsenal,1330000000.0
2025,Chelsea,1150000000.0
2025,Liverpool,980500000.0
2025,Tottenham,813400000.0
2025,Man United,774600000.0
2025,Crystal Palace,702500000.0
2025,Newcastle,697700000.0
2025,Bournemouth,680980000.0
2025,Nott'm Forest,638680000.0
2025,Brighton,625000000.0
2025,Aston Villa,613980000.0
2025,Brentford,503580000.0
2025,West Ham,469730000.0
2025,Everton,459250000.0
2025,Sunderland,446680000.0
2025,Wolves,389850000.0
2025,Fulham,376200000.0
2025,Leeds,374200000.0
2025,Burnley,236000000.0
2026,Man City,1430000000.0
2026,Arsenal,1330000000.0
2026,Chelsea,1080000000.0
2026,Liverpool,1030000000.0
2026,Man United,922800000.0
2026,Tottenham,824000000.0
2026,Newcastle,606100000.0
2026,Brighton,603500000.0
2026,Brentford,584800000.0
2026,Crystal Palace,579200000.0
2026,Bournemouth,574550000.0
2026,Aston Villa,572300000.0
2026,Nott'm Forest,520500000.0
2026,Sunderland,421280000.0
2026,Leeds,407550000.0
2026,Fulham,396800000.0
2026,Everton,394100000.0
2026,Ipswich,330550000.0
2026,Coventry,296700000.0
2026,Hull,251900000.0
